{
  "type": "FeatureCollection",
  "name": "ISV village schematic",
  "features": [
    {
      "type": "Feature",
      "id": "gen",
      "properties": {
        "id": "gen",
        "kind": "gen",
        "hang": 0,
        "x": -208,
        "z": -88,
        "label": "gen + solar"
      },
      "geometry": {
        "type": "Point",
        "coordinates": [
          11.53224496,
          4.79288051,
          0
        ]
      }
    },
    {
      "type": "Feature",
      "id": "xfmr-main",
      "properties": {
        "id": "xfmr-main",
        "kind": "station",
        "hang": 6,
        "x": -144,
        "z": -48,
        "label": "Village station"
      },
      "geometry": {
        "type": "Point",
        "coordinates": [
          11.53282189,
          4.79252119,
          6
        ]
      }
    },
    {
      "type": "Feature",
      "id": "h0",
      "properties": {
        "id": "h0",
        "kind": "house",
        "hang": 0,
        "x": -198.326,
        "z": 18.714,
        "name": "Leila",
        "cluster": "west",
        "feederId": "f-west",
        "boardId": "ems-1",
        "xfmrId": "t-f-west-0",
        "phase": "A"
      },
      "geometry": {
        "type": "Point",
        "coordinates": [
          11.53233217,
          4.79192189,
          0
        ]
      }
    },
    {
      "type": "Feature",
      "id": "h1",
      "properties": {
        "id": "h1",
        "kind": "house",
        "hang": 0,
        "x": -205.8,
        "z": 25.37,
        "name": "Musa",
        "cluster": "west",
        "feederId": "f-west",
        "boardId": "ems-1",
        "xfmrId": "t-f-west-0",
        "phase": "B"
      },
      "geometry": {
        "type": "Point",
        "coordinates": [
          11.53226479,
          4.79186209,
          0
        ]
      }
    },
    {
      "type": "Feature",
      "id": "h2",
      "properties": {
        "id": "h2",
        "kind": "house",
        "hang": 0,
        "x": -210.829,
        "z": 33.842,
        "name": "Hope",
        "cluster": "west",
        "feederId": "f-west",
        "boardId": "ems-1",
        "xfmrId": "t-f-west-0",
        "phase": "C"
      },
      "geometry": {
        "type": "Point",
        "coordinates": [
          11.53221946,
          4.791786,
          0
        ]
      }
    },
    {
      "type": "Feature",
      "id": "h3",
      "properties": {
        "id": "h3",
        "kind": "house",
        "hang": 0,
        "x": -221.67,
        "z": 32.573,
        "name": "Daniel",
        "cluster": "west",
        "feederId": "f-west",
        "boardId": "ems-1",
        "xfmrId": "t-f-west-0",
        "phase": "A"
      },
      "geometry": {
        "type": "Point",
        "coordinates": [
          11.53212173,
          4.79179739,
          0
        ]
      }
    },
    {
      "type": "Feature",
      "id": "h4",
      "properties": {
        "id": "h4",
        "kind": "house",
        "hang": 0,
        "x": -224.473,
        "z": 21.876,
        "name": "Ayo",
        "cluster": "west",
        "feederId": "f-west",
        "boardId": "ems-1",
        "xfmrId": "t-f-west-0",
        "phase": "B"
      },
      "geometry": {
        "type": "Point",
        "coordinates": [
          11.53209646,
          4.79189348,
          0
        ]
      }
    },
    {
      "type": "Feature",
      "id": "h5",
      "properties": {
        "id": "h5",
        "kind": "house",
        "hang": 0,
        "x": -229.767,
        "z": 15.164,
        "name": "Ruth",
        "cluster": "west",
        "feederId": "f-west",
        "boardId": "ems-1",
        "xfmrId": "t-f-west-0",
        "phase": "A"
      },
      "geometry": {
        "type": "Point",
        "coordinates": [
          11.53204874,
          4.79195378,
          0
        ]
      }
    },
    {
      "type": "Feature",
      "id": "h6",
      "properties": {
        "id": "h6",
        "kind": "house",
        "hang": 0,
        "x": -233.633,
        "z": 1.213,
        "name": "Eshe",
        "cluster": "west",
        "feederId": "f-west",
        "boardId": "ems-1",
        "xfmrId": "t-f-west-0",
        "phase": "A"
      },
      "geometry": {
        "type": "Point",
        "coordinates": [
          11.53201389,
          4.7920791,
          0
        ]
      }
    },
    {
      "type": "Feature",
      "id": "h7",
      "properties": {
        "id": "h7",
        "kind": "house",
        "hang": 0,
        "x": -216.856,
        "z": -5.779,
        "name": "Tomas",
        "cluster": "west",
        "feederId": "f-west",
        "boardId": "ems-1",
        "xfmrId": "t-f-west-0",
        "phase": "B"
      },
      "geometry": {
        "type": "Point",
        "coordinates": [
          11.53216512,
          4.79214191,
          0
        ]
      }
    },
    {
      "type": "Feature",
      "id": "h8",
      "properties": {
        "id": "h8",
        "kind": "house",
        "hang": 0,
        "x": -208.765,
        "z": 6.319,
        "name": "Winta",
        "cluster": "west",
        "feederId": "f-west",
        "boardId": "ems-1",
        "xfmrId": "t-f-west-0",
        "phase": "C"
      },
      "geometry": {
        "type": "Point",
        "coordinates": [
          11.53223807,
          4.79203323,
          0
        ]
      }
    },
    {
      "type": "Feature",
      "id": "h9",
      "properties": {
        "id": "h9",
        "kind": "house",
        "hang": 0,
        "x": -196.938,
        "z": 8.886,
        "name": "Juma",
        "cluster": "west",
        "feederId": "f-west",
        "boardId": "ems-1",
        "xfmrId": "t-f-west-0",
        "phase": "A"
      },
      "geometry": {
        "type": "Point",
        "coordinates": [
          11.53234467,
          4.79201018,
          0
        ]
      }
    },
    {
      "type": "Feature",
      "id": "h10",
      "properties": {
        "id": "h10",
        "kind": "house",
        "hang": 0,
        "x": -235.596,
        "z": 38.712,
        "name": "Sanaa",
        "cluster": "west",
        "feederId": "f-west",
        "boardId": "ems-2",
        "xfmrId": "t-f-west-1",
        "phase": "A"
      },
      "geometry": {
        "type": "Point",
        "coordinates": [
          11.53199619,
          4.79174224,
          0
        ]
      }
    },
    {
      "type": "Feature",
      "id": "h11",
      "properties": {
        "id": "h11",
        "kind": "house",
        "hang": 0,
        "x": -248.424,
        "z": 43.928,
        "name": "Abel",
        "cluster": "west",
        "feederId": "f-west",
        "boardId": "ems-2",
        "xfmrId": "t-f-west-1",
        "phase": "C"
      },
      "geometry": {
        "type": "Point",
        "coordinates": [
          11.53188055,
          4.79169539,
          0
        ]
      }
    },
    {
      "type": "Feature",
      "id": "h12",
      "properties": {
        "id": "h12",
        "kind": "house",
        "hang": 0,
        "x": -252.678,
        "z": 66.174,
        "name": "Farah",
        "cluster": "west",
        "feederId": "f-west",
        "boardId": "ems-2",
        "xfmrId": "t-f-west-1",
        "phase": "A"
      },
      "geometry": {
        "type": "Point",
        "coordinates": [
          11.5318422,
          4.79149555,
          0
        ]
      }
    },
    {
      "type": "Feature",
      "id": "h13",
      "properties": {
        "id": "h13",
        "kind": "house",
        "hang": 0,
        "x": -261.639,
        "z": 46.629,
        "name": "Kojo",
        "cluster": "west",
        "feederId": "f-west",
        "boardId": "ems-2",
        "xfmrId": "t-f-west-1",
        "phase": "B"
      },
      "geometry": {
        "type": "Point",
        "coordinates": [
          11.53176143,
          4.79167113,
          0
        ]
      }
    },
    {
      "type": "Feature",
      "id": "h14",
      "properties": {
        "id": "h14",
        "kind": "house",
        "hang": 0,
        "x": -270.002,
        "z": 41.674,
        "name": "Dina",
        "cluster": "west",
        "feederId": "f-west",
        "boardId": "ems-2",
        "xfmrId": "t-f-west-1",
        "phase": "C"
      },
      "geometry": {
        "type": "Point",
        "coordinates": [
          11.53168604,
          4.79171564,
          0
        ]
      }
    },
    {
      "type": "Feature",
      "id": "h15",
      "properties": {
        "id": "h15",
        "kind": "house",
        "hang": 0,
        "x": -268.023,
        "z": 33.262,
        "name": "Issa",
        "cluster": "west",
        "feederId": "f-west",
        "boardId": "ems-2",
        "xfmrId": "t-f-west-1",
        "phase": "A"
      },
      "geometry": {
        "type": "Point",
        "coordinates": [
          11.53170387,
          4.7917912,
          0
        ]
      }
    },
    {
      "type": "Feature",
      "id": "h16",
      "properties": {
        "id": "h16",
        "kind": "house",
        "hang": 0,
        "x": -271.883,
        "z": 21.858,
        "name": "Makeda",
        "cluster": "west",
        "feederId": "f-west",
        "boardId": "ems-2",
        "xfmrId": "t-f-west-1",
        "phase": "B"
      },
      "geometry": {
        "type": "Point",
        "coordinates": [
          11.53166908,
          4.79189364,
          0
        ]
      }
    },
    {
      "type": "Feature",
      "id": "h17",
      "properties": {
        "id": "h17",
        "kind": "house",
        "hang": 0,
        "x": -258.928,
        "z": 12.049,
        "name": "Ravi",
        "cluster": "west",
        "feederId": "f-west",
        "boardId": "ems-2",
        "xfmrId": "t-f-west-1",
        "phase": "C"
      },
      "geometry": {
        "type": "Point",
        "coordinates": [
          11.53178587,
          4.79198176,
          0
        ]
      }
    },
    {
      "type": "Feature",
      "id": "h18",
      "properties": {
        "id": "h18",
        "kind": "house",
        "hang": 0,
        "x": -247.531,
        "z": 21.253,
        "name": "Noor",
        "cluster": "west",
        "feederId": "f-west",
        "boardId": "ems-2",
        "xfmrId": "t-f-west-1",
        "phase": "A"
      },
      "geometry": {
        "type": "Point",
        "coordinates": [
          11.5318886,
          4.79189908,
          0
        ]
      }
    },
    {
      "type": "Feature",
      "id": "h19",
      "properties": {
        "id": "h19",
        "kind": "house",
        "hang": 0,
        "x": -237.981,
        "z": 26.206,
        "name": "Taye",
        "cluster": "west",
        "feederId": "f-west",
        "boardId": "ems-2",
        "xfmrId": "t-f-west-1",
        "phase": "B"
      },
      "geometry": {
        "type": "Point",
        "coordinates": [
          11.53197469,
          4.79185459,
          0
        ]
      }
    },
    {
      "type": "Feature",
      "id": "h20",
      "properties": {
        "id": "h20",
        "kind": "house",
        "hang": 0,
        "x": -272.822,
        "z": 69.355,
        "name": "Sifiso",
        "cluster": "west",
        "feederId": "f-west",
        "boardId": "ems-3",
        "xfmrId": "t-f-west-2",
        "phase": "A"
      },
      "geometry": {
        "type": "Point",
        "coordinates": [
          11.53166061,
          4.79146698,
          0
        ]
      }
    },
    {
      "type": "Feature",
      "id": "h21",
      "properties": {
        "id": "h21",
        "kind": "house",
        "hang": 0,
        "x": -272.124,
        "z": 78.719,
        "name": "Halima",
        "cluster": "west",
        "feederId": "f-west",
        "boardId": "ems-3",
        "xfmrId": "t-f-west-2",
        "phase": "A"
      },
      "geometry": {
        "type": "Point",
        "coordinates": [
          11.53166691,
          4.79138286,
          0
        ]
      }
    },
    {
      "type": "Feature",
      "id": "h22",
      "properties": {
        "id": "h22",
        "kind": "house",
        "hang": 0,
        "x": -282.818,
        "z": 84.092,
        "name": "Yara",
        "cluster": "west",
        "feederId": "f-west",
        "boardId": "ems-3",
        "xfmrId": "t-f-west-2",
        "phase": "B"
      },
      "geometry": {
        "type": "Point",
        "coordinates": [
          11.5315705,
          4.79133459,
          0
        ]
      }
    },
    {
      "type": "Feature",
      "id": "h23",
      "properties": {
        "id": "h23",
        "kind": "house",
        "hang": 0,
        "x": -292.553,
        "z": 84.324,
        "name": "Biko",
        "cluster": "west",
        "feederId": "f-west",
        "boardId": "ems-3",
        "xfmrId": "t-f-west-2",
        "phase": "C"
      },
      "geometry": {
        "type": "Point",
        "coordinates": [
          11.53148275,
          4.79133251,
          0
        ]
      }
    },
    {
      "type": "Feature",
      "id": "h24",
      "properties": {
        "id": "h24",
        "kind": "house",
        "hang": 0,
        "x": -300.247,
        "z": 77.059,
        "name": "Lina",
        "cluster": "west",
        "feederId": "f-west",
        "boardId": "ems-3",
        "xfmrId": "t-f-west-2",
        "phase": "A"
      },
      "geometry": {
        "type": "Point",
        "coordinates": [
          11.53141339,
          4.79139777,
          0
        ]
      }
    },
    {
      "type": "Feature",
      "id": "h25",
      "properties": {
        "id": "h25",
        "kind": "house",
        "hang": 0,
        "x": -305.413,
        "z": 62.97,
        "name": "Oumar",
        "cluster": "west",
        "feederId": "f-west",
        "boardId": "ems-3",
        "xfmrId": "t-f-west-2",
        "phase": "A"
      },
      "geometry": {
        "type": "Point",
        "coordinates": [
          11.53136682,
          4.79152434,
          0
        ]
      }
    },
    {
      "type": "Feature",
      "id": "h26",
      "properties": {
        "id": "h26",
        "kind": "house",
        "hang": 0,
        "x": -304.942,
        "z": 45.912,
        "name": "Zuri",
        "cluster": "west",
        "feederId": "f-west",
        "boardId": "ems-3",
        "xfmrId": "t-f-west-2",
        "phase": "C"
      },
      "geometry": {
        "type": "Point",
        "coordinates": [
          11.53137107,
          4.79167757,
          0
        ]
      }
    },
    {
      "type": "Feature",
      "id": "h27",
      "properties": {
        "id": "h27",
        "kind": "house",
        "hang": 0,
        "x": -287.946,
        "z": 54.725,
        "name": "Ama",
        "cluster": "west",
        "feederId": "f-west",
        "boardId": "ems-3",
        "xfmrId": "t-f-west-2",
        "phase": "A"
      },
      "geometry": {
        "type": "Point",
        "coordinates": [
          11.53152428,
          4.7915984,
          0
        ]
      }
    },
    {
      "type": "Feature",
      "id": "h28",
      "properties": {
        "id": "h28",
        "kind": "house",
        "hang": 0,
        "x": -277.802,
        "z": 47.83,
        "name": "Sami",
        "cluster": "west",
        "feederId": "f-west",
        "boardId": "ems-3",
        "xfmrId": "t-f-west-2",
        "phase": "B"
      },
      "geometry": {
        "type": "Point",
        "coordinates": [
          11.53161572,
          4.79166034,
          0
        ]
      }
    },
    {
      "type": "Feature",
      "id": "h29",
      "properties": {
        "id": "h29",
        "kind": "house",
        "hang": 0,
        "x": -263.558,
        "z": 57.235,
        "name": "Thea",
        "cluster": "west",
        "feederId": "f-west",
        "boardId": "ems-3",
        "xfmrId": "t-f-west-2",
        "phase": "C"
      },
      "geometry": {
        "type": "Point",
        "coordinates": [
          11.53174413,
          4.79157585,
          0
        ]
      }
    },
    {
      "type": "Feature",
      "id": "h30",
      "properties": {
        "id": "h30",
        "kind": "house",
        "hang": 0,
        "x": -285.705,
        "z": 110.166,
        "name": "Ife",
        "cluster": "west",
        "feederId": "f-west",
        "boardId": "ems-4",
        "xfmrId": "t-f-west-3",
        "phase": "A"
      },
      "geometry": {
        "type": "Point",
        "coordinates": [
          11.53154448,
          4.79110037,
          0
        ]
      }
    },
    {
      "type": "Feature",
      "id": "h31",
      "properties": {
        "id": "h31",
        "kind": "house",
        "hang": 0,
        "x": -295.493,
        "z": 119.599,
        "name": "Nuru",
        "cluster": "west",
        "feederId": "f-west",
        "boardId": "ems-4",
        "xfmrId": "t-f-west-3",
        "phase": "B"
      },
      "geometry": {
        "type": "Point",
        "coordinates": [
          11.53145624,
          4.79101563,
          0
        ]
      }
    },
    {
      "type": "Feature",
      "id": "h32",
      "properties": {
        "id": "h32",
        "kind": "house",
        "hang": 0,
        "x": -300.028,
        "z": 130.992,
        "name": "Gita",
        "cluster": "west",
        "feederId": "f-west",
        "boardId": "ems-4",
        "xfmrId": "t-f-west-3",
        "phase": "C"
      },
      "geometry": {
        "type": "Point",
        "coordinates": [
          11.53141536,
          4.79091328,
          0
        ]
      }
    },
    {
      "type": "Feature",
      "id": "h33",
      "properties": {
        "id": "h33",
        "kind": "house",
        "hang": 0,
        "x": -310.875,
        "z": 120.177,
        "name": "Pio",
        "cluster": "west",
        "feederId": "f-west",
        "boardId": "ems-4",
        "xfmrId": "t-f-west-3",
        "phase": "A"
      },
      "geometry": {
        "type": "Point",
        "coordinates": [
          11.53131758,
          4.79101044,
          0
        ]
      }
    },
    {
      "type": "Feature",
      "id": "h34",
      "properties": {
        "id": "h34",
        "kind": "house",
        "hang": 0,
        "x": -317.715,
        "z": 114.99,
        "name": "Selam",
        "cluster": "west",
        "feederId": "f-west",
        "boardId": "ems-4",
        "xfmrId": "t-f-west-3",
        "phase": "B"
      },
      "geometry": {
        "type": "Point",
        "coordinates": [
          11.53125592,
          4.79105703,
          0
        ]
      }
    },
    {
      "type": "Feature",
      "id": "h35",
      "properties": {
        "id": "h35",
        "kind": "house",
        "hang": 0,
        "x": -326.154,
        "z": 106.594,
        "name": "Ada",
        "cluster": "west",
        "feederId": "f-west",
        "boardId": "ems-4",
        "xfmrId": "t-f-west-3",
        "phase": "A"
      },
      "geometry": {
        "type": "Point",
        "coordinates": [
          11.53117984,
          4.79113246,
          0
        ]
      }
    },
    {
      "type": "Feature",
      "id": "h36",
      "properties": {
        "id": "h36",
        "kind": "house",
        "hang": 0,
        "x": -315.423,
        "z": 97.333,
        "name": "Ben",
        "cluster": "west",
        "feederId": "f-west",
        "boardId": "ems-4",
        "xfmrId": "t-f-west-3",
        "phase": "A"
      },
      "geometry": {
        "type": "Point",
        "coordinates": [
          11.53127658,
          4.79121565,
          0
        ]
      }
    },
    {
      "type": "Feature",
      "id": "h37",
      "properties": {
        "id": "h37",
        "kind": "house",
        "hang": 0,
        "x": -307.175,
        "z": 86.684,
        "name": "Cora",
        "cluster": "west",
        "feederId": "f-west",
        "boardId": "ems-4",
        "xfmrId": "t-f-west-3",
        "phase": "B"
      },
      "geometry": {
        "type": "Point",
        "coordinates": [
          11.53135094,
          4.79131131,
          0
        ]
      }
    },
    {
      "type": "Feature",
      "id": "h38",
      "properties": {
        "id": "h38",
        "kind": "house",
        "hang": 0,
        "x": -297.303,
        "z": 95.67,
        "name": "Eli",
        "cluster": "west",
        "feederId": "f-west",
        "boardId": "ems-4",
        "xfmrId": "t-f-west-3",
        "phase": "C"
      },
      "geometry": {
        "type": "Point",
        "coordinates": [
          11.53143992,
          4.79123059,
          0
        ]
      }
    },
    {
      "type": "Feature",
      "id": "h39",
      "properties": {
        "id": "h39",
        "kind": "house",
        "hang": 0,
        "x": -278.818,
        "z": 97.057,
        "name": "Femi",
        "cluster": "west",
        "feederId": "f-west",
        "boardId": "ems-4",
        "xfmrId": "t-f-west-3",
        "phase": "A"
      },
      "geometry": {
        "type": "Point",
        "coordinates": [
          11.53160656,
          4.79121813,
          0
        ]
      }
    },
    {
      "type": "Feature",
      "id": "h40",
      "properties": {
        "id": "h40",
        "kind": "house",
        "hang": 0,
        "x": -308.298,
        "z": 148.782,
        "name": "Leila",
        "cluster": "west",
        "feederId": "f-west",
        "boardId": "ems-5",
        "xfmrId": "t-f-west-4",
        "phase": "A"
      },
      "geometry": {
        "type": "Point",
        "coordinates": [
          11.53134081,
          4.79075348,
          0
        ]
      }
    },
    {
      "type": "Feature",
      "id": "h41",
      "properties": {
        "id": "h41",
        "kind": "house",
        "hang": 0,
        "x": -318.583,
        "z": 155.292,
        "name": "Musa",
        "cluster": "west",
        "feederId": "f-west",
        "boardId": "ems-5",
        "xfmrId": "t-f-west-4",
        "phase": "C"
      },
      "geometry": {
        "type": "Point",
        "coordinates": [
          11.53124809,
          4.79069499,
          0
        ]
      }
    },
    {
      "type": "Feature",
      "id": "h42",
      "properties": {
        "id": "h42",
        "kind": "house",
        "hang": 0,
        "x": -325.198,
        "z": 164.318,
        "name": "Hope",
        "cluster": "west",
        "feederId": "f-west",
        "boardId": "ems-5",
        "xfmrId": "t-f-west-4",
        "phase": "A"
      },
      "geometry": {
        "type": "Point",
        "coordinates": [
          11.53118846,
          4.79061392,
          0
        ]
      }
    },
    {
      "type": "Feature",
      "id": "h43",
      "properties": {
        "id": "h43",
        "kind": "house",
        "hang": 0,
        "x": -335.759,
        "z": 164.682,
        "name": "Daniel",
        "cluster": "west",
        "feederId": "f-west",
        "boardId": "ems-5",
        "xfmrId": "t-f-west-4",
        "phase": "B"
      },
      "geometry": {
        "type": "Point",
        "coordinates": [
          11.53109326,
          4.79061064,
          0
        ]
      }
    },
    {
      "type": "Feature",
      "id": "h44",
      "properties": {
        "id": "h44",
        "kind": "house",
        "hang": 0,
        "x": -342.168,
        "z": 154.493,
        "name": "Ayo",
        "cluster": "west",
        "feederId": "f-west",
        "boardId": "ems-5",
        "xfmrId": "t-f-west-4",
        "phase": "C"
      },
      "geometry": {
        "type": "Point",
        "coordinates": [
          11.53103548,
          4.79070217,
          0
        ]
      }
    },
    {
      "type": "Feature",
      "id": "h45",
      "properties": {
        "id": "h45",
        "kind": "house",
        "hang": 0,
        "x": -346.958,
        "z": 145.804,
        "name": "Ruth",
        "cluster": "west",
        "feederId": "f-west",
        "boardId": "ems-5",
        "xfmrId": "t-f-west-4",
        "phase": "A"
      },
      "geometry": {
        "type": "Point",
        "coordinates": [
          11.53099231,
          4.79078023,
          0
        ]
      }
    },
    {
      "type": "Feature",
      "id": "h46",
      "properties": {
        "id": "h46",
        "kind": "house",
        "hang": 0,
        "x": -341.646,
        "z": 136.818,
        "name": "Eshe",
        "cluster": "west",
        "feederId": "f-west",
        "boardId": "ems-5",
        "xfmrId": "t-f-west-4",
        "phase": "B"
      },
      "geometry": {
        "type": "Point",
        "coordinates": [
          11.53104019,
          4.79086095,
          0
        ]
      }
    },
    {
      "type": "Feature",
      "id": "h47",
      "properties": {
        "id": "h47",
        "kind": "house",
        "hang": 0,
        "x": -330.441,
        "z": 132.16,
        "name": "Tomas",
        "cluster": "west",
        "feederId": "f-west",
        "boardId": "ems-5",
        "xfmrId": "t-f-west-4",
        "phase": "C"
      },
      "geometry": {
        "type": "Point",
        "coordinates": [
          11.5311412,
          4.7909028,
          0
        ]
      }
    },
    {
      "type": "Feature",
      "id": "h48",
      "properties": {
        "id": "h48",
        "kind": "house",
        "hang": 0,
        "x": -317.98,
        "z": 129.261,
        "name": "Winta",
        "cluster": "west",
        "feederId": "f-west",
        "boardId": "ems-5",
        "xfmrId": "t-f-west-4",
        "phase": "A"
      },
      "geometry": {
        "type": "Point",
        "coordinates": [
          11.53125353,
          4.79092883,
          0
        ]
      }
    },
    {
      "type": "Feature",
      "id": "h49",
      "properties": {
        "id": "h49",
        "kind": "house",
        "hang": 0,
        "x": -312.261,
        "z": 137.609,
        "name": "Juma",
        "cluster": "west",
        "feederId": "f-west",
        "boardId": "ems-5",
        "xfmrId": "t-f-west-4",
        "phase": "B"
      },
      "geometry": {
        "type": "Point",
        "coordinates": [
          11.53130508,
          4.79085384,
          0
        ]
      }
    },
    {
      "type": "Feature",
      "id": "h50",
      "properties": {
        "id": "h50",
        "kind": "house",
        "hang": 0,
        "x": -352.042,
        "z": 170.976,
        "name": "Sanaa",
        "cluster": "west",
        "feederId": "f-west",
        "boardId": "ems-6",
        "xfmrId": "t-f-west-5",
        "phase": "A"
      },
      "geometry": {
        "type": "Point",
        "coordinates": [
          11.53094648,
          4.7905541,
          0
        ]
      }
    },
    {
      "type": "Feature",
      "id": "h51",
      "properties": {
        "id": "h51",
        "kind": "house",
        "hang": 0,
        "x": -349.017,
        "z": 184.102,
        "name": "Abel",
        "cluster": "west",
        "feederId": "f-west",
        "boardId": "ems-6",
        "xfmrId": "t-f-west-5",
        "phase": "A"
      },
      "geometry": {
        "type": "Point",
        "coordinates": [
          11.53097374,
          4.79043619,
          0
        ]
      }
    },
    {
      "type": "Feature",
      "id": "h52",
      "properties": {
        "id": "h52",
        "kind": "house",
        "hang": 0,
        "x": -361.732,
        "z": 190.577,
        "name": "Farah",
        "cluster": "west",
        "feederId": "f-west",
        "boardId": "ems-6",
        "xfmrId": "t-f-west-5",
        "phase": "B"
      },
      "geometry": {
        "type": "Point",
        "coordinates": [
          11.53085912,
          4.79037802,
          0
        ]
      }
    },
    {
      "type": "Feature",
      "id": "h53",
      "properties": {
        "id": "h53",
        "kind": "house",
        "hang": 0,
        "x": -373.164,
        "z": 186,
        "name": "Kojo",
        "cluster": "west",
        "feederId": "f-west",
        "boardId": "ems-6",
        "xfmrId": "t-f-west-5",
        "phase": "C"
      },
      "geometry": {
        "type": "Point",
        "coordinates": [
          11.53075607,
          4.79041915,
          0
        ]
      }
    },
    {
      "type": "Feature",
      "id": "h54",
      "properties": {
        "id": "h54",
        "kind": "house",
        "hang": 0,
        "x": -382.205,
        "z": 179.212,
        "name": "Dina",
        "cluster": "west",
        "feederId": "f-west",
        "boardId": "ems-6",
        "xfmrId": "t-f-west-5",
        "phase": "A"
      },
      "geometry": {
        "type": "Point",
        "coordinates": [
          11.53067457,
          4.79048012,
          0
        ]
      }
    },
    {
      "type": "Feature",
      "id": "h55",
      "properties": {
        "id": "h55",
        "kind": "house",
        "hang": 0,
        "x": -387.95,
        "z": 169.821,
        "name": "Issa",
        "cluster": "west",
        "feederId": "f-west",
        "boardId": "ems-6",
        "xfmrId": "t-f-west-5",
        "phase": "A"
      },
      "geometry": {
        "type": "Point",
        "coordinates": [
          11.53062278,
          4.79056448,
          0
        ]
      }
    },
    {
      "type": "Feature",
      "id": "h56",
      "properties": {
        "id": "h56",
        "kind": "house",
        "hang": 0,
        "x": -377.361,
        "z": 158.536,
        "name": "Makeda",
        "cluster": "west",
        "feederId": "f-west",
        "boardId": "ems-6",
        "xfmrId": "t-f-west-5",
        "phase": "C"
      },
      "geometry": {
        "type": "Point",
        "coordinates": [
          11.53071823,
          4.79066585,
          0
        ]
      }
    },
    {
      "type": "Feature",
      "id": "h57",
      "properties": {
        "id": "h57",
        "kind": "house",
        "hang": 0,
        "x": -367.196,
        "z": 155.562,
        "name": "Ravi",
        "cluster": "west",
        "feederId": "f-west",
        "boardId": "ems-6",
        "xfmrId": "t-f-west-5",
        "phase": "A"
      },
      "geometry": {
        "type": "Point",
        "coordinates": [
          11.53080986,
          4.79069257,
          0
        ]
      }
    },
    {
      "type": "Feature",
      "id": "h58",
      "properties": {
        "id": "h58",
        "kind": "house",
        "hang": 0,
        "x": -355.948,
        "z": 153.983,
        "name": "Noor",
        "cluster": "west",
        "feederId": "f-west",
        "boardId": "ems-6",
        "xfmrId": "t-f-west-5",
        "phase": "B"
      },
      "geometry": {
        "type": "Point",
        "coordinates": [
          11.53091127,
          4.79070675,
          0
        ]
      }
    },
    {
      "type": "Feature",
      "id": "h59",
      "properties": {
        "id": "h59",
        "kind": "house",
        "hang": 0,
        "x": -348.453,
        "z": 162.395,
        "name": "Taye",
        "cluster": "west",
        "feederId": "f-west",
        "boardId": "ems-6",
        "xfmrId": "t-f-west-5",
        "phase": "C"
      },
      "geometry": {
        "type": "Point",
        "coordinates": [
          11.53097883,
          4.79063119,
          0
        ]
      }
    },
    {
      "type": "Feature",
      "id": "h60",
      "properties": {
        "id": "h60",
        "kind": "house",
        "hang": 0,
        "x": -84.234,
        "z": -14.823,
        "name": "Sifiso",
        "cluster": "market",
        "feederId": "f-market",
        "boardId": "ems-7",
        "xfmrId": "t-f-market-0",
        "phase": "B"
      },
      "geometry": {
        "type": "Point",
        "coordinates": [
          11.53336066,
          4.79222316,
          0
        ]
      }
    },
    {
      "type": "Feature",
      "id": "h61",
      "properties": {
        "id": "h61",
        "kind": "house",
        "hang": 0,
        "x": -86.01,
        "z": -3.306,
        "name": "Halima",
        "cluster": "market",
        "feederId": "f-market",
        "boardId": "ems-7",
        "xfmrId": "t-f-market-0",
        "phase": "B"
      },
      "geometry": {
        "type": "Point",
        "coordinates": [
          11.53334465,
          4.7921197,
          0
        ]
      }
    },
    {
      "type": "Feature",
      "id": "h62",
      "properties": {
        "id": "h62",
        "kind": "house",
        "hang": 0,
        "x": -94.881,
        "z": 1.918,
        "name": "Yara",
        "cluster": "market",
        "feederId": "f-market",
        "boardId": "ems-7",
        "xfmrId": "t-f-market-0",
        "phase": "C"
      },
      "geometry": {
        "type": "Point",
        "coordinates": [
          11.53326468,
          4.79207277,
          0
        ]
      }
    },
    {
      "type": "Feature",
      "id": "h63",
      "properties": {
        "id": "h63",
        "kind": "house",
        "hang": 0,
        "x": -106.862,
        "z": 0.132,
        "name": "Biko",
        "cluster": "market",
        "feederId": "f-market",
        "boardId": "ems-7",
        "xfmrId": "t-f-market-0",
        "phase": "A"
      },
      "geometry": {
        "type": "Point",
        "coordinates": [
          11.53315668,
          4.79208882,
          0
        ]
      }
    },
    {
      "type": "Feature",
      "id": "h64",
      "properties": {
        "id": "h64",
        "kind": "house",
        "hang": 0,
        "x": -116.075,
        "z": -5.879,
        "name": "Lina",
        "cluster": "market",
        "feederId": "f-market",
        "boardId": "ems-7",
        "xfmrId": "t-f-market-0",
        "phase": "B"
      },
      "geometry": {
        "type": "Point",
        "coordinates": [
          11.53307362,
          4.79214281,
          0
        ]
      }
    },
    {
      "type": "Feature",
      "id": "h65",
      "properties": {
        "id": "h65",
        "kind": "house",
        "hang": 0,
        "x": -115.957,
        "z": -18.156,
        "name": "Oumar",
        "cluster": "market",
        "feederId": "f-market",
        "boardId": "ems-7",
        "xfmrId": "t-f-market-0",
        "phase": "C"
      },
      "geometry": {
        "type": "Point",
        "coordinates": [
          11.53307469,
          4.79225309,
          0
        ]
      }
    },
    {
      "type": "Feature",
      "id": "h66",
      "properties": {
        "id": "h66",
        "kind": "house",
        "hang": 0,
        "x": -116.773,
        "z": -32.263,
        "name": "Zuri",
        "cluster": "market",
        "feederId": "f-market",
        "boardId": "ems-7",
        "xfmrId": "t-f-market-0",
        "phase": "A"
      },
      "geometry": {
        "type": "Point",
        "coordinates": [
          11.53306734,
          4.79237982,
          0
        ]
      }
    },
    {
      "type": "Feature",
      "id": "h67",
      "properties": {
        "id": "h67",
        "kind": "house",
        "hang": 0,
        "x": -102.062,
        "z": -35.594,
        "name": "Ama",
        "cluster": "market",
        "feederId": "f-market",
        "boardId": "ems-7",
        "xfmrId": "t-f-market-0",
        "phase": "B"
      },
      "geometry": {
        "type": "Point",
        "coordinates": [
          11.53319995,
          4.79240974,
          0
        ]
      }
    },
    {
      "type": "Feature",
      "id": "h68",
      "properties": {
        "id": "h68",
        "kind": "house",
        "hang": 0,
        "x": -93.723,
        "z": -28.884,
        "name": "Sami",
        "cluster": "market",
        "feederId": "f-market",
        "boardId": "ems-7",
        "xfmrId": "t-f-market-0",
        "phase": "B"
      },
      "geometry": {
        "type": "Point",
        "coordinates": [
          11.53327513,
          4.79234947,
          0
        ]
      }
    },
    {
      "type": "Feature",
      "id": "h69",
      "properties": {
        "id": "h69",
        "kind": "house",
        "hang": 0,
        "x": -87.239,
        "z": -22.904,
        "name": "Thea",
        "cluster": "market",
        "feederId": "f-market",
        "boardId": "ems-7",
        "xfmrId": "t-f-market-0",
        "phase": "A"
      },
      "geometry": {
        "type": "Point",
        "coordinates": [
          11.53333357,
          4.79229575,
          0
        ]
      }
    },
    {
      "type": "Feature",
      "id": "h70",
      "properties": {
        "id": "h70",
        "kind": "house",
        "hang": 0,
        "x": -57.796,
        "z": 19.974,
        "name": "Ife",
        "cluster": "market",
        "feederId": "f-market",
        "boardId": "ems-8",
        "xfmrId": "t-f-market-1",
        "phase": "B"
      },
      "geometry": {
        "type": "Point",
        "coordinates": [
          11.53359899,
          4.79191057,
          0
        ]
      }
    },
    {
      "type": "Feature",
      "id": "h71",
      "properties": {
        "id": "h71",
        "kind": "house",
        "hang": 0,
        "x": -58.407,
        "z": 32.746,
        "name": "Nuru",
        "cluster": "market",
        "feederId": "f-market",
        "boardId": "ems-8",
        "xfmrId": "t-f-market-1",
        "phase": "C"
      },
      "geometry": {
        "type": "Point",
        "coordinates": [
          11.53359349,
          4.79179584,
          0
        ]
      }
    },
    {
      "type": "Feature",
      "id": "h72",
      "properties": {
        "id": "h72",
        "kind": "house",
        "hang": 0,
        "x": -70.844,
        "z": 31.285,
        "name": "Gita",
        "cluster": "market",
        "feederId": "f-market",
        "boardId": "ems-8",
        "xfmrId": "t-f-market-1",
        "phase": "B"
      },
      "geometry": {
        "type": "Point",
        "coordinates": [
          11.53348137,
          4.79180896,
          0
        ]
      }
    },
    {
      "type": "Feature",
      "id": "h73",
      "properties": {
        "id": "h73",
        "kind": "house",
        "hang": 0,
        "x": -78.977,
        "z": 34.484,
        "name": "Pio",
        "cluster": "market",
        "feederId": "f-market",
        "boardId": "ems-8",
        "xfmrId": "t-f-market-1",
        "phase": "B"
      },
      "geometry": {
        "type": "Point",
        "coordinates": [
          11.53340805,
          4.79178023,
          0
        ]
      }
    },
    {
      "type": "Feature",
      "id": "h74",
      "properties": {
        "id": "h74",
        "kind": "house",
        "hang": 0,
        "x": -83.544,
        "z": 25.737,
        "name": "Selam",
        "cluster": "market",
        "feederId": "f-market",
        "boardId": "ems-8",
        "xfmrId": "t-f-market-1",
        "phase": "C"
      },
      "geometry": {
        "type": "Point",
        "coordinates": [
          11.53336689,
          4.79185881,
          0
        ]
      }
    },
    {
      "type": "Feature",
      "id": "h75",
      "properties": {
        "id": "h75",
        "kind": "house",
        "hang": 0,
        "x": -90.144,
        "z": 17.286,
        "name": "Ada",
        "cluster": "market",
        "feederId": "f-market",
        "boardId": "ems-8",
        "xfmrId": "t-f-market-1",
        "phase": "A"
      },
      "geometry": {
        "type": "Point",
        "coordinates": [
          11.53330739,
          4.79193472,
          0
        ]
      }
    },
    {
      "type": "Feature",
      "id": "h76",
      "properties": {
        "id": "h76",
        "kind": "house",
        "hang": 0,
        "x": -82.875,
        "z": 12.331,
        "name": "Ben",
        "cluster": "market",
        "feederId": "f-market",
        "boardId": "ems-8",
        "xfmrId": "t-f-market-1",
        "phase": "B"
      },
      "geometry": {
        "type": "Point",
        "coordinates": [
          11.53337292,
          4.79197923,
          0
        ]
      }
    },
    {
      "type": "Feature",
      "id": "h77",
      "properties": {
        "id": "h77",
        "kind": "house",
        "hang": 0,
        "x": -76.485,
        "z": 5.357,
        "name": "Cora",
        "cluster": "market",
        "feederId": "f-market",
        "boardId": "ems-8",
        "xfmrId": "t-f-market-1",
        "phase": "C"
      },
      "geometry": {
        "type": "Point",
        "coordinates": [
          11.53343051,
          4.79204188,
          0
        ]
      }
    },
    {
      "type": "Feature",
      "id": "h78",
      "properties": {
        "id": "h78",
        "kind": "house",
        "hang": 0,
        "x": -66.663,
        "z": 7.449,
        "name": "Eli",
        "cluster": "market",
        "feederId": "f-market",
        "boardId": "ems-8",
        "xfmrId": "t-f-market-1",
        "phase": "A"
      },
      "geometry": {
        "type": "Point",
        "coordinates": [
          11.53351906,
          4.79202309,
          0
        ]
      }
    },
    {
      "type": "Feature",
      "id": "h79",
      "properties": {
        "id": "h79",
        "kind": "house",
        "hang": 0,
        "x": -52.661,
        "z": 9.429,
        "name": "Femi",
        "cluster": "market",
        "feederId": "f-market",
        "boardId": "ems-8",
        "xfmrId": "t-f-market-1",
        "phase": "B"
      },
      "geometry": {
        "type": "Point",
        "coordinates": [
          11.53364528,
          4.7920053,
          0
        ]
      }
    },
    {
      "type": "Feature",
      "id": "h80",
      "properties": {
        "id": "h80",
        "kind": "house",
        "hang": 0,
        "x": -25.433,
        "z": 41.905,
        "name": "Leila",
        "cluster": "market",
        "feederId": "f-market",
        "boardId": "ems-9",
        "xfmrId": "t-f-market-2",
        "phase": "B"
      },
      "geometry": {
        "type": "Point",
        "coordinates": [
          11.53389073,
          4.79171356,
          0
        ]
      }
    },
    {
      "type": "Feature",
      "id": "h81",
      "properties": {
        "id": "h81",
        "kind": "house",
        "hang": 0,
        "x": -21.85,
        "z": 52.585,
        "name": "Musa",
        "cluster": "market",
        "feederId": "f-market",
        "boardId": "ems-9",
        "xfmrId": "t-f-market-2",
        "phase": "A"
      },
      "geometry": {
        "type": "Point",
        "coordinates": [
          11.53392303,
          4.79161762,
          0
        ]
      }
    },
    {
      "type": "Feature",
      "id": "h82",
      "properties": {
        "id": "h82",
        "kind": "house",
        "hang": 0,
        "x": -34.083,
        "z": 52.593,
        "name": "Hope",
        "cluster": "market",
        "feederId": "f-market",
        "boardId": "ems-9",
        "xfmrId": "t-f-market-2",
        "phase": "B"
      },
      "geometry": {
        "type": "Point",
        "coordinates": [
          11.53381276,
          4.79161755,
          0
        ]
      }
    },
    {
      "type": "Feature",
      "id": "h83",
      "properties": {
        "id": "h83",
        "kind": "house",
        "hang": 0,
        "x": -44.223,
        "z": 56.452,
        "name": "Daniel",
        "cluster": "market",
        "feederId": "f-market",
        "boardId": "ems-9",
        "xfmrId": "t-f-market-2",
        "phase": "C"
      },
      "geometry": {
        "type": "Point",
        "coordinates": [
          11.53372134,
          4.79158289,
          0
        ]
      }
    },
    {
      "type": "Feature",
      "id": "h84",
      "properties": {
        "id": "h84",
        "kind": "house",
        "hang": 0,
        "x": -49.227,
        "z": 48.742,
        "name": "Ayo",
        "cluster": "market",
        "feederId": "f-market",
        "boardId": "ems-9",
        "xfmrId": "t-f-market-2",
        "phase": "B"
      },
      "geometry": {
        "type": "Point",
        "coordinates": [
          11.53367624,
          4.79165214,
          0
        ]
      }
    },
    {
      "type": "Feature",
      "id": "h85",
      "properties": {
        "id": "h85",
        "kind": "house",
        "hang": 0,
        "x": -51.285,
        "z": 40.04,
        "name": "Ruth",
        "cluster": "market",
        "feederId": "f-market",
        "boardId": "ems-9",
        "xfmrId": "t-f-market-2",
        "phase": "B"
      },
      "geometry": {
        "type": "Point",
        "coordinates": [
          11.53365768,
          4.79173032,
          0
        ]
      }
    },
    {
      "type": "Feature",
      "id": "h86",
      "properties": {
        "id": "h86",
        "kind": "house",
        "hang": 0,
        "x": -48.011,
        "z": 29.818,
        "name": "Eshe",
        "cluster": "market",
        "feederId": "f-market",
        "boardId": "ems-9",
        "xfmrId": "t-f-market-2",
        "phase": "C"
      },
      "geometry": {
        "type": "Point",
        "coordinates": [
          11.5336872,
          4.79182214,
          0
        ]
      }
    },
    {
      "type": "Feature",
      "id": "h87",
      "properties": {
        "id": "h87",
        "kind": "house",
        "hang": 0,
        "x": -40.14,
        "z": 21.854,
        "name": "Tomas",
        "cluster": "market",
        "feederId": "f-market",
        "boardId": "ems-9",
        "xfmrId": "t-f-market-2",
        "phase": "A"
      },
      "geometry": {
        "type": "Point",
        "coordinates": [
          11.53375816,
          4.79189368,
          0
        ]
      }
    },
    {
      "type": "Feature",
      "id": "h88",
      "properties": {
        "id": "h88",
        "kind": "house",
        "hang": 0,
        "x": -32.823,
        "z": 30.127,
        "name": "Winta",
        "cluster": "market",
        "feederId": "f-market",
        "boardId": "ems-9",
        "xfmrId": "t-f-market-2",
        "phase": "B"
      },
      "geometry": {
        "type": "Point",
        "coordinates": [
          11.53382411,
          4.79181937,
          0
        ]
      }
    },
    {
      "type": "Feature",
      "id": "h89",
      "properties": {
        "id": "h89",
        "kind": "house",
        "hang": 0,
        "x": -20.916,
        "z": 34.176,
        "name": "Juma",
        "cluster": "market",
        "feederId": "f-market",
        "boardId": "ems-9",
        "xfmrId": "t-f-market-2",
        "phase": "C"
      },
      "geometry": {
        "type": "Point",
        "coordinates": [
          11.53393145,
          4.79178299,
          0
        ]
      }
    },
    {
      "type": "Feature",
      "id": "h90",
      "properties": {
        "id": "h90",
        "kind": "house",
        "hang": 0,
        "x": 24.942,
        "z": 54.218,
        "name": "Sanaa",
        "cluster": "market",
        "feederId": "f-market",
        "boardId": "ems-10",
        "xfmrId": "t-f-market-3",
        "phase": "A"
      },
      "geometry": {
        "type": "Point",
        "coordinates": [
          11.53434484,
          4.79160295,
          0
        ]
      }
    },
    {
      "type": "Feature",
      "id": "h91",
      "properties": {
        "id": "h91",
        "kind": "house",
        "hang": 0,
        "x": 24.325,
        "z": 68.889,
        "name": "Abel",
        "cluster": "market",
        "feederId": "f-market",
        "boardId": "ems-10",
        "xfmrId": "t-f-market-3",
        "phase": "B"
      },
      "geometry": {
        "type": "Point",
        "coordinates": [
          11.53433928,
          4.79147116,
          0
        ]
      }
    },
    {
      "type": "Feature",
      "id": "h92",
      "properties": {
        "id": "h92",
        "kind": "house",
        "hang": 0,
        "x": 12.626,
        "z": 71.105,
        "name": "Farah",
        "cluster": "market",
        "feederId": "f-market",
        "boardId": "ems-10",
        "xfmrId": "t-f-market-3",
        "phase": "B"
      },
      "geometry": {
        "type": "Point",
        "coordinates": [
          11.53423382,
          4.79145125,
          0
        ]
      }
    },
    {
      "type": "Feature",
      "id": "h93",
      "properties": {
        "id": "h93",
        "kind": "house",
        "hang": 0,
        "x": 1.144,
        "z": 70.568,
        "name": "Kojo",
        "cluster": "market",
        "feederId": "f-market",
        "boardId": "ems-10",
        "xfmrId": "t-f-market-3",
        "phase": "A"
      },
      "geometry": {
        "type": "Point",
        "coordinates": [
          11.53413031,
          4.79145608,
          0
        ]
      }
    },
    {
      "type": "Feature",
      "id": "h94",
      "properties": {
        "id": "h94",
        "kind": "house",
        "hang": 0,
        "x": -5.083,
        "z": 58.903,
        "name": "Dina",
        "cluster": "market",
        "feederId": "f-market",
        "boardId": "ems-10",
        "xfmrId": "t-f-market-3",
        "phase": "B"
      },
      "geometry": {
        "type": "Point",
        "coordinates": [
          11.53407418,
          4.79156087,
          0
        ]
      }
    },
    {
      "type": "Feature",
      "id": "h95",
      "properties": {
        "id": "h95",
        "kind": "house",
        "hang": 0,
        "x": -9.469,
        "z": 48.677,
        "name": "Issa",
        "cluster": "market",
        "feederId": "f-market",
        "boardId": "ems-10",
        "xfmrId": "t-f-market-3",
        "phase": "C"
      },
      "geometry": {
        "type": "Point",
        "coordinates": [
          11.53403464,
          4.79165273,
          0
        ]
      }
    },
    {
      "type": "Feature",
      "id": "h96",
      "properties": {
        "id": "h96",
        "kind": "house",
        "hang": 0,
        "x": -1.862,
        "z": 40.557,
        "name": "Makeda",
        "cluster": "market",
        "feederId": "f-market",
        "boardId": "ems-10",
        "xfmrId": "t-f-market-3",
        "phase": "B"
      },
      "geometry": {
        "type": "Point",
        "coordinates": [
          11.53410321,
          4.79172568,
          0
        ]
      }
    },
    {
      "type": "Feature",
      "id": "h97",
      "properties": {
        "id": "h97",
        "kind": "house",
        "hang": 0,
        "x": 6.317,
        "z": 38.033,
        "name": "Ravi",
        "cluster": "market",
        "feederId": "f-market",
        "boardId": "ems-10",
        "xfmrId": "t-f-market-3",
        "phase": "B"
      },
      "geometry": {
        "type": "Point",
        "coordinates": [
          11.53417694,
          4.79174834,
          0
        ]
      }
    },
    {
      "type": "Feature",
      "id": "h98",
      "properties": {
        "id": "h98",
        "kind": "house",
        "hang": 0,
        "x": 16.797,
        "z": 34.03,
        "name": "Noor",
        "cluster": "market",
        "feederId": "f-market",
        "boardId": "ems-10",
        "xfmrId": "t-f-market-3",
        "phase": "C"
      },
      "geometry": {
        "type": "Point",
        "coordinates": [
          11.53427142,
          4.79178431,
          0
        ]
      }
    },
    {
      "type": "Feature",
      "id": "h99",
      "properties": {
        "id": "h99",
        "kind": "house",
        "hang": 0,
        "x": 22.003,
        "z": 42.181,
        "name": "Taye",
        "cluster": "market",
        "feederId": "f-market",
        "boardId": "ems-10",
        "xfmrId": "t-f-market-3",
        "phase": "A"
      },
      "geometry": {
        "type": "Point",
        "coordinates": [
          11.53431835,
          4.79171109,
          0
        ]
      }
    },
    {
      "type": "Feature",
      "id": "h100",
      "properties": {
        "id": "h100",
        "kind": "house",
        "hang": 0,
        "x": -50.822,
        "z": -35.783,
        "name": "Sifiso",
        "cluster": "clinic",
        "feederId": "f-clinic",
        "boardId": "ems-11",
        "xfmrId": "t-f-clinic-0",
        "phase": "B"
      },
      "geometry": {
        "type": "Point",
        "coordinates": [
          11.53366186,
          4.79241145,
          0
        ]
      }
    },
    {
      "type": "Feature",
      "id": "h101",
      "properties": {
        "id": "h101",
        "kind": "house",
        "hang": 0,
        "x": -50.258,
        "z": -24.931,
        "name": "Halima",
        "cluster": "clinic",
        "feederId": "f-clinic",
        "boardId": "ems-11",
        "xfmrId": "t-f-clinic-0",
        "phase": "C"
      },
      "geometry": {
        "type": "Point",
        "coordinates": [
          11.53366695,
          4.79231396,
          0
        ]
      }
    },
    {
      "type": "Feature",
      "id": "h102",
      "properties": {
        "id": "h102",
        "kind": "house",
        "hang": 0,
        "x": -58.39,
        "z": -20.861,
        "name": "Yara",
        "cluster": "clinic",
        "feederId": "f-clinic",
        "boardId": "ems-11",
        "xfmrId": "t-f-clinic-0",
        "phase": "A"
      },
      "geometry": {
        "type": "Point",
        "coordinates": [
          11.53359363,
          4.7922774,
          0
        ]
      }
    },
    {
      "type": "Feature",
      "id": "h103",
      "properties": {
        "id": "h103",
        "kind": "house",
        "hang": 0,
        "x": -68.131,
        "z": -20.293,
        "name": "Biko",
        "cluster": "clinic",
        "feederId": "f-clinic",
        "boardId": "ems-11",
        "xfmrId": "t-f-clinic-0",
        "phase": "B"
      },
      "geometry": {
        "type": "Point",
        "coordinates": [
          11.53350583,
          4.79227229,
          0
        ]
      }
    },
    {
      "type": "Feature",
      "id": "h104",
      "properties": {
        "id": "h104",
        "kind": "house",
        "hang": 0,
        "x": -74.357,
        "z": -29.034,
        "name": "Lina",
        "cluster": "clinic",
        "feederId": "f-clinic",
        "boardId": "ems-11",
        "xfmrId": "t-f-clinic-0",
        "phase": "C"
      },
      "geometry": {
        "type": "Point",
        "coordinates": [
          11.5334497,
          4.79235082,
          0
        ]
      }
    },
    {
      "type": "Feature",
      "id": "h105",
      "properties": {
        "id": "h105",
        "kind": "house",
        "hang": 0,
        "x": -77.616,
        "z": -38.297,
        "name": "Oumar",
        "cluster": "clinic",
        "feederId": "f-clinic",
        "boardId": "ems-11",
        "xfmrId": "t-f-clinic-0",
        "phase": "A"
      },
      "geometry": {
        "type": "Point",
        "coordinates": [
          11.53342032,
          4.79243403,
          0
        ]
      }
    },
    {
      "type": "Feature",
      "id": "h106",
      "properties": {
        "id": "h106",
        "kind": "house",
        "hang": 0,
        "x": -69.857,
        "z": -44.507,
        "name": "Zuri",
        "cluster": "clinic",
        "feederId": "f-clinic",
        "boardId": "ems-11",
        "xfmrId": "t-f-clinic-0",
        "phase": "B"
      },
      "geometry": {
        "type": "Point",
        "coordinates": [
          11.53349026,
          4.79248981,
          0
        ]
      }
    },
    {
      "type": "Feature",
      "id": "h107",
      "properties": {
        "id": "h107",
        "kind": "house",
        "hang": 0,
        "x": -64.559,
        "z": -59.624,
        "name": "Ama",
        "cluster": "clinic",
        "feederId": "f-clinic",
        "boardId": "ems-11",
        "xfmrId": "t-f-clinic-0",
        "phase": "C"
      },
      "geometry": {
        "type": "Point",
        "coordinates": [
          11.53353802,
          4.79262561,
          0
        ]
      }
    },
    {
      "type": "Feature",
      "id": "h108",
      "properties": {
        "id": "h108",
        "kind": "house",
        "hang": 0,
        "x": -55.978,
        "z": -52.48,
        "name": "Sami",
        "cluster": "clinic",
        "feederId": "f-clinic",
        "boardId": "ems-11",
        "xfmrId": "t-f-clinic-0",
        "phase": "A"
      },
      "geometry": {
        "type": "Point",
        "coordinates": [
          11.53361538,
          4.79256143,
          0
        ]
      }
    },
    {
      "type": "Feature",
      "id": "h109",
      "properties": {
        "id": "h109",
        "kind": "house",
        "hang": 0,
        "x": -44.721,
        "z": -44.553,
        "name": "Thea",
        "cluster": "clinic",
        "feederId": "f-clinic",
        "boardId": "ems-11",
        "xfmrId": "t-f-clinic-0",
        "phase": "B"
      },
      "geometry": {
        "type": "Point",
        "coordinates": [
          11.53371685,
          4.79249023,
          0
        ]
      }
    },
    {
      "type": "Feature",
      "id": "h110",
      "properties": {
        "id": "h110",
        "kind": "house",
        "hang": 0,
        "x": -11.89,
        "z": -13.336,
        "name": "Ife",
        "cluster": "clinic",
        "feederId": "f-clinic",
        "boardId": "ems-12",
        "xfmrId": "t-f-clinic-1",
        "phase": "C"
      },
      "geometry": {
        "type": "Point",
        "coordinates": [
          11.53401282,
          4.7922098,
          0
        ]
      }
    },
    {
      "type": "Feature",
      "id": "h111",
      "properties": {
        "id": "h111",
        "kind": "house",
        "hang": 0,
        "x": -16.082,
        "z": -5.911,
        "name": "Nuru",
        "cluster": "clinic",
        "feederId": "f-clinic",
        "boardId": "ems-12",
        "xfmrId": "t-f-clinic-1",
        "phase": "A"
      },
      "geometry": {
        "type": "Point",
        "coordinates": [
          11.53397503,
          4.7921431,
          0
        ]
      }
    },
    {
      "type": "Feature",
      "id": "h112",
      "properties": {
        "id": "h112",
        "kind": "house",
        "hang": 0,
        "x": -22.326,
        "z": 5.332,
        "name": "Gita",
        "cluster": "clinic",
        "feederId": "f-clinic",
        "boardId": "ems-12",
        "xfmrId": "t-f-clinic-1",
        "phase": "B"
      },
      "geometry": {
        "type": "Point",
        "coordinates": [
          11.53391874,
          4.7920421,
          0
        ]
      }
    },
    {
      "type": "Feature",
      "id": "h113",
      "properties": {
        "id": "h113",
        "kind": "house",
        "hang": 0,
        "x": -29.725,
        "z": -0.861,
        "name": "Pio",
        "cluster": "clinic",
        "feederId": "f-clinic",
        "boardId": "ems-12",
        "xfmrId": "t-f-clinic-1",
        "phase": "C"
      },
      "geometry": {
        "type": "Point",
        "coordinates": [
          11.53385204,
          4.79209774,
          0
        ]
      }
    },
    {
      "type": "Feature",
      "id": "h114",
      "properties": {
        "id": "h114",
        "kind": "house",
        "hang": 0,
        "x": -36.216,
        "z": -9.366,
        "name": "Selam",
        "cluster": "clinic",
        "feederId": "f-clinic",
        "boardId": "ems-12",
        "xfmrId": "t-f-clinic-1",
        "phase": "A"
      },
      "geometry": {
        "type": "Point",
        "coordinates": [
          11.53379353,
          4.79217413,
          0
        ]
      }
    },
    {
      "type": "Feature",
      "id": "h115",
      "properties": {
        "id": "h115",
        "kind": "house",
        "hang": 0,
        "x": -44.17,
        "z": -16.559,
        "name": "Ada",
        "cluster": "clinic",
        "feederId": "f-clinic",
        "boardId": "ems-12",
        "xfmrId": "t-f-clinic-1",
        "phase": "B"
      },
      "geometry": {
        "type": "Point",
        "coordinates": [
          11.53372183,
          4.79223875,
          0
        ]
      }
    },
    {
      "type": "Feature",
      "id": "h116",
      "properties": {
        "id": "h116",
        "kind": "house",
        "hang": 0,
        "x": -35.696,
        "z": -23.738,
        "name": "Ben",
        "cluster": "clinic",
        "feederId": "f-clinic",
        "boardId": "ems-12",
        "xfmrId": "t-f-clinic-1",
        "phase": "C"
      },
      "geometry": {
        "type": "Point",
        "coordinates": [
          11.53379821,
          4.79230324,
          0
        ]
      }
    },
    {
      "type": "Feature",
      "id": "h117",
      "properties": {
        "id": "h117",
        "kind": "house",
        "hang": 0,
        "x": -26.403,
        "z": -28.101,
        "name": "Cora",
        "cluster": "clinic",
        "feederId": "f-clinic",
        "boardId": "ems-12",
        "xfmrId": "t-f-clinic-1",
        "phase": "A"
      },
      "geometry": {
        "type": "Point",
        "coordinates": [
          11.53388198,
          4.79234244,
          0
        ]
      }
    },
    {
      "type": "Feature",
      "id": "h118",
      "properties": {
        "id": "h118",
        "kind": "house",
        "hang": 0,
        "x": -14.871,
        "z": -35.595,
        "name": "Eli",
        "cluster": "clinic",
        "feederId": "f-clinic",
        "boardId": "ems-12",
        "xfmrId": "t-f-clinic-1",
        "phase": "B"
      },
      "geometry": {
        "type": "Point",
        "coordinates": [
          11.53398594,
          4.79240976,
          0
        ]
      }
    },
    {
      "type": "Feature",
      "id": "h119",
      "properties": {
        "id": "h119",
        "kind": "house",
        "hang": 0,
        "x": -8.543,
        "z": -24.765,
        "name": "Femi",
        "cluster": "clinic",
        "feederId": "f-clinic",
        "boardId": "ems-12",
        "xfmrId": "t-f-clinic-1",
        "phase": "C"
      },
      "geometry": {
        "type": "Point",
        "coordinates": [
          11.53404298,
          4.79231246,
          0
        ]
      }
    },
    {
      "type": "Feature",
      "id": "h120",
      "properties": {
        "id": "h120",
        "kind": "house",
        "hang": 0,
        "x": -62.073,
        "z": 73.794,
        "name": "Leila",
        "cluster": "south",
        "feederId": "f-south",
        "boardId": "ems-13",
        "xfmrId": "t-f-south-0",
        "phase": "A"
      },
      "geometry": {
        "type": "Point",
        "coordinates": [
          11.53356043,
          4.7914271,
          0
        ]
      }
    },
    {
      "type": "Feature",
      "id": "h121",
      "properties": {
        "id": "h121",
        "kind": "house",
        "hang": 0,
        "x": -74.742,
        "z": 81.316,
        "name": "Musa",
        "cluster": "south",
        "feederId": "f-south",
        "boardId": "ems-13",
        "xfmrId": "t-f-south-0",
        "phase": "B"
      },
      "geometry": {
        "type": "Point",
        "coordinates": [
          11.53344623,
          4.79135952,
          0
        ]
      }
    },
    {
      "type": "Feature",
      "id": "h122",
      "properties": {
        "id": "h122",
        "kind": "house",
        "hang": 0,
        "x": -81.497,
        "z": 89.011,
        "name": "Hope",
        "cluster": "south",
        "feederId": "f-south",
        "boardId": "ems-13",
        "xfmrId": "t-f-south-0",
        "phase": "C"
      },
      "geometry": {
        "type": "Point",
        "coordinates": [
          11.53338534,
          4.7912904,
          0
        ]
      }
    },
    {
      "type": "Feature",
      "id": "h123",
      "properties": {
        "id": "h123",
        "kind": "house",
        "hang": 0,
        "x": -95.311,
        "z": 94.111,
        "name": "Daniel",
        "cluster": "south",
        "feederId": "f-south",
        "boardId": "ems-13",
        "xfmrId": "t-f-south-0",
        "phase": "A"
      },
      "geometry": {
        "type": "Point",
        "coordinates": [
          11.53326081,
          4.79124459,
          0
        ]
      }
    },
    {
      "type": "Feature",
      "id": "h124",
      "properties": {
        "id": "h124",
        "kind": "house",
        "hang": 0,
        "x": -97.09,
        "z": 77.74,
        "name": "Ayo",
        "cluster": "south",
        "feederId": "f-south",
        "boardId": "ems-13",
        "xfmrId": "t-f-south-0",
        "phase": "B"
      },
      "geometry": {
        "type": "Point",
        "coordinates": [
          11.53324477,
          4.79139166,
          0
        ]
      }
    },
    {
      "type": "Feature",
      "id": "h125",
      "properties": {
        "id": "h125",
        "kind": "house",
        "hang": 0,
        "x": -104.577,
        "z": 69.228,
        "name": "Ruth",
        "cluster": "south",
        "feederId": "f-south",
        "boardId": "ems-13",
        "xfmrId": "t-f-south-0",
        "phase": "C"
      },
      "geometry": {
        "type": "Point",
        "coordinates": [
          11.53317728,
          4.79146812,
          0
        ]
      }
    },
    {
      "type": "Feature",
      "id": "h126",
      "properties": {
        "id": "h126",
        "kind": "house",
        "hang": 0,
        "x": -97.517,
        "z": 62.634,
        "name": "Eshe",
        "cluster": "south",
        "feederId": "f-south",
        "boardId": "ems-13",
        "xfmrId": "t-f-south-0",
        "phase": "A"
      },
      "geometry": {
        "type": "Point",
        "coordinates": [
          11.53324092,
          4.79152735,
          0
        ]
      }
    },
    {
      "type": "Feature",
      "id": "h127",
      "properties": {
        "id": "h127",
        "kind": "house",
        "hang": 0,
        "x": -91.651,
        "z": 46.951,
        "name": "Tomas",
        "cluster": "south",
        "feederId": "f-south",
        "boardId": "ems-13",
        "xfmrId": "t-f-south-0",
        "phase": "B"
      },
      "geometry": {
        "type": "Point",
        "coordinates": [
          11.5332938,
          4.79166823,
          0
        ]
      }
    },
    {
      "type": "Feature",
      "id": "h128",
      "properties": {
        "id": "h128",
        "kind": "house",
        "hang": 0,
        "x": -80.128,
        "z": 57.887,
        "name": "Winta",
        "cluster": "south",
        "feederId": "f-south",
        "boardId": "ems-13",
        "xfmrId": "t-f-south-0",
        "phase": "C"
      },
      "geometry": {
        "type": "Point",
        "coordinates": [
          11.53339768,
          4.79157,
          0
        ]
      }
    },
    {
      "type": "Feature",
      "id": "h129",
      "properties": {
        "id": "h129",
        "kind": "house",
        "hang": 0,
        "x": -72.954,
        "z": 63.176,
        "name": "Juma",
        "cluster": "south",
        "feederId": "f-south",
        "boardId": "ems-13",
        "xfmrId": "t-f-south-0",
        "phase": "A"
      },
      "geometry": {
        "type": "Point",
        "coordinates": [
          11.53346235,
          4.79152248,
          0
        ]
      }
    },
    {
      "type": "Feature",
      "id": "h130",
      "properties": {
        "id": "h130",
        "kind": "house",
        "hang": 0,
        "x": -67.332,
        "z": 118.979,
        "name": "Sanaa",
        "cluster": "south",
        "feederId": "f-south",
        "boardId": "ems-14",
        "xfmrId": "t-f-south-1",
        "phase": "B"
      },
      "geometry": {
        "type": "Point",
        "coordinates": [
          11.53351303,
          4.7910212,
          0
        ]
      }
    },
    {
      "type": "Feature",
      "id": "h131",
      "properties": {
        "id": "h131",
        "kind": "house",
        "hang": 0,
        "x": -63.13,
        "z": 132.104,
        "name": "Abel",
        "cluster": "south",
        "feederId": "f-south",
        "boardId": "ems-14",
        "xfmrId": "t-f-south-1",
        "phase": "C"
      },
      "geometry": {
        "type": "Point",
        "coordinates": [
          11.53355091,
          4.7909033,
          0
        ]
      }
    },
    {
      "type": "Feature",
      "id": "h132",
      "properties": {
        "id": "h132",
        "kind": "house",
        "hang": 0,
        "x": -79.069,
        "z": 133.822,
        "name": "Farah",
        "cluster": "south",
        "feederId": "f-south",
        "boardId": "ems-14",
        "xfmrId": "t-f-south-1",
        "phase": "A"
      },
      "geometry": {
        "type": "Point",
        "coordinates": [
          11.53340722,
          4.79088786,
          0
        ]
      }
    },
    {
      "type": "Feature",
      "id": "h133",
      "properties": {
        "id": "h133",
        "kind": "house",
        "hang": 0,
        "x": -90.01,
        "z": 131.207,
        "name": "Kojo",
        "cluster": "south",
        "feederId": "f-south",
        "boardId": "ems-14",
        "xfmrId": "t-f-south-1",
        "phase": "B"
      },
      "geometry": {
        "type": "Point",
        "coordinates": [
          11.53330859,
          4.79091136,
          0
        ]
      }
    },
    {
      "type": "Feature",
      "id": "h134",
      "properties": {
        "id": "h134",
        "kind": "house",
        "hang": 0,
        "x": -92.769,
        "z": 121.613,
        "name": "Dina",
        "cluster": "south",
        "feederId": "f-south",
        "boardId": "ems-14",
        "xfmrId": "t-f-south-1",
        "phase": "C"
      },
      "geometry": {
        "type": "Point",
        "coordinates": [
          11.53328372,
          4.79099753,
          0
        ]
      }
    },
    {
      "type": "Feature",
      "id": "h135",
      "properties": {
        "id": "h135",
        "kind": "house",
        "hang": 0,
        "x": -102.392,
        "z": 113.963,
        "name": "Issa",
        "cluster": "south",
        "feederId": "f-south",
        "boardId": "ems-14",
        "xfmrId": "t-f-south-1",
        "phase": "A"
      },
      "geometry": {
        "type": "Point",
        "coordinates": [
          11.53319698,
          4.79106626,
          0
        ]
      }
    },
    {
      "type": "Feature",
      "id": "h136",
      "properties": {
        "id": "h136",
        "kind": "house",
        "hang": 0,
        "x": -91.631,
        "z": 107.23,
        "name": "Makeda",
        "cluster": "south",
        "feederId": "f-south",
        "boardId": "ems-14",
        "xfmrId": "t-f-south-1",
        "phase": "B"
      },
      "geometry": {
        "type": "Point",
        "coordinates": [
          11.53329398,
          4.79112674,
          0
        ]
      }
    },
    {
      "type": "Feature",
      "id": "h137",
      "properties": {
        "id": "h137",
        "kind": "house",
        "hang": 0,
        "x": -84.636,
        "z": 101.148,
        "name": "Ravi",
        "cluster": "south",
        "feederId": "f-south",
        "boardId": "ems-14",
        "xfmrId": "t-f-south-1",
        "phase": "C"
      },
      "geometry": {
        "type": "Point",
        "coordinates": [
          11.53335704,
          4.79118138,
          0
        ]
      }
    },
    {
      "type": "Feature",
      "id": "h138",
      "properties": {
        "id": "h138",
        "kind": "house",
        "hang": 0,
        "x": -73.804,
        "z": 98.531,
        "name": "Noor",
        "cluster": "south",
        "feederId": "f-south",
        "boardId": "ems-14",
        "xfmrId": "t-f-south-1",
        "phase": "A"
      },
      "geometry": {
        "type": "Point",
        "coordinates": [
          11.53345468,
          4.79120488,
          0
        ]
      }
    },
    {
      "type": "Feature",
      "id": "h139",
      "properties": {
        "id": "h139",
        "kind": "house",
        "hang": 0,
        "x": -67.396,
        "z": 106.843,
        "name": "Taye",
        "cluster": "south",
        "feederId": "f-south",
        "boardId": "ems-14",
        "xfmrId": "t-f-south-1",
        "phase": "B"
      },
      "geometry": {
        "type": "Point",
        "coordinates": [
          11.53351245,
          4.79113022,
          0
        ]
      }
    },
    {
      "type": "Feature",
      "id": "h140",
      "properties": {
        "id": "h140",
        "kind": "house",
        "hang": 0,
        "x": -34.097,
        "z": 157.309,
        "name": "Sifiso",
        "cluster": "south",
        "feederId": "f-south",
        "boardId": "ems-15",
        "xfmrId": "t-f-south-2",
        "phase": "C"
      },
      "geometry": {
        "type": "Point",
        "coordinates": [
          11.53381263,
          4.79067688,
          0
        ]
      }
    },
    {
      "type": "Feature",
      "id": "h141",
      "properties": {
        "id": "h141",
        "kind": "house",
        "hang": 0,
        "x": -49.345,
        "z": 161.28,
        "name": "Halima",
        "cluster": "south",
        "feederId": "f-south",
        "boardId": "ems-15",
        "xfmrId": "t-f-south-2",
        "phase": "A"
      },
      "geometry": {
        "type": "Point",
        "coordinates": [
          11.53367518,
          4.79064121,
          0
        ]
      }
    },
    {
      "type": "Feature",
      "id": "h142",
      "properties": {
        "id": "h142",
        "kind": "house",
        "hang": 0,
        "x": -57.175,
        "z": 164.875,
        "name": "Yara",
        "cluster": "south",
        "feederId": "f-south",
        "boardId": "ems-15",
        "xfmrId": "t-f-south-2",
        "phase": "B"
      },
      "geometry": {
        "type": "Point",
        "coordinates": [
          11.53360459,
          4.79060891,
          0
        ]
      }
    },
    {
      "type": "Feature",
      "id": "h143",
      "properties": {
        "id": "h143",
        "kind": "house",
        "hang": 0,
        "x": -68.219,
        "z": 169.446,
        "name": "Biko",
        "cluster": "south",
        "feederId": "f-south",
        "boardId": "ems-15",
        "xfmrId": "t-f-south-2",
        "phase": "C"
      },
      "geometry": {
        "type": "Point",
        "coordinates": [
          11.53350504,
          4.79056785,
          0
        ]
      }
    },
    {
      "type": "Feature",
      "id": "h144",
      "properties": {
        "id": "h144",
        "kind": "house",
        "hang": 0,
        "x": -70.017,
        "z": 158.959,
        "name": "Lina",
        "cluster": "south",
        "feederId": "f-south",
        "boardId": "ems-15",
        "xfmrId": "t-f-south-2",
        "phase": "A"
      },
      "geometry": {
        "type": "Point",
        "coordinates": [
          11.53348882,
          4.79066205,
          0
        ]
      }
    },
    {
      "type": "Feature",
      "id": "h145",
      "properties": {
        "id": "h145",
        "kind": "house",
        "hang": 0,
        "x": -84.645,
        "z": 152.568,
        "name": "Oumar",
        "cluster": "south",
        "feederId": "f-south",
        "boardId": "ems-15",
        "xfmrId": "t-f-south-2",
        "phase": "B"
      },
      "geometry": {
        "type": "Point",
        "coordinates": [
          11.53335696,
          4.79071946,
          0
        ]
      }
    },
    {
      "type": "Feature",
      "id": "h146",
      "properties": {
        "id": "h146",
        "kind": "house",
        "hang": 0,
        "x": -71.482,
        "z": 143.6,
        "name": "Zuri",
        "cluster": "south",
        "feederId": "f-south",
        "boardId": "ems-15",
        "xfmrId": "t-f-south-2",
        "phase": "C"
      },
      "geometry": {
        "type": "Point",
        "coordinates": [
          11.53347561,
          4.79080002,
          0
        ]
      }
    },
    {
      "type": "Feature",
      "id": "h147",
      "properties": {
        "id": "h147",
        "kind": "house",
        "hang": 0,
        "x": -62.548,
        "z": 141.692,
        "name": "Ama",
        "cluster": "south",
        "feederId": "f-south",
        "boardId": "ems-15",
        "xfmrId": "t-f-south-2",
        "phase": "A"
      },
      "geometry": {
        "type": "Point",
        "coordinates": [
          11.53355615,
          4.79081716,
          0
        ]
      }
    },
    {
      "type": "Feature",
      "id": "h148",
      "properties": {
        "id": "h148",
        "kind": "house",
        "hang": 0,
        "x": -53.231,
        "z": 138.456,
        "name": "Sami",
        "cluster": "south",
        "feederId": "f-south",
        "boardId": "ems-15",
        "xfmrId": "t-f-south-2",
        "phase": "B"
      },
      "geometry": {
        "type": "Point",
        "coordinates": [
          11.53364015,
          4.79084623,
          0
        ]
      }
    },
    {
      "type": "Feature",
      "id": "h149",
      "properties": {
        "id": "h149",
        "kind": "house",
        "hang": 0,
        "x": -43.582,
        "z": 141.695,
        "name": "Thea",
        "cluster": "south",
        "feederId": "f-south",
        "boardId": "ems-15",
        "xfmrId": "t-f-south-2",
        "phase": "C"
      },
      "geometry": {
        "type": "Point",
        "coordinates": [
          11.53372712,
          4.79081714,
          0
        ]
      }
    },
    {
      "type": "Feature",
      "id": "h150",
      "properties": {
        "id": "h150",
        "kind": "house",
        "hang": 0,
        "x": -13.689,
        "z": 183.64,
        "name": "Ife",
        "cluster": "south",
        "feederId": "f-south",
        "boardId": "ems-16",
        "xfmrId": "t-f-south-3",
        "phase": "A"
      },
      "geometry": {
        "type": "Point",
        "coordinates": [
          11.5339966,
          4.79044034,
          0
        ]
      }
    },
    {
      "type": "Feature",
      "id": "h151",
      "properties": {
        "id": "h151",
        "kind": "house",
        "hang": 0,
        "x": -14.098,
        "z": 196.267,
        "name": "Nuru",
        "cluster": "south",
        "feederId": "f-south",
        "boardId": "ems-16",
        "xfmrId": "t-f-south-3",
        "phase": "B"
      },
      "geometry": {
        "type": "Point",
        "coordinates": [
          11.53399291,
          4.79032691,
          0
        ]
      }
    },
    {
      "type": "Feature",
      "id": "h152",
      "properties": {
        "id": "h152",
        "kind": "house",
        "hang": 0,
        "x": -23.135,
        "z": 197.226,
        "name": "Gita",
        "cluster": "south",
        "feederId": "f-south",
        "boardId": "ems-16",
        "xfmrId": "t-f-south-3",
        "phase": "C"
      },
      "geometry": {
        "type": "Point",
        "coordinates": [
          11.53391145,
          4.79031829,
          0
        ]
      }
    },
    {
      "type": "Feature",
      "id": "h153",
      "properties": {
        "id": "h153",
        "kind": "house",
        "hang": 0,
        "x": -31.673,
        "z": 195.525,
        "name": "Pio",
        "cluster": "south",
        "feederId": "f-south",
        "boardId": "ems-16",
        "xfmrId": "t-f-south-3",
        "phase": "A"
      },
      "geometry": {
        "type": "Point",
        "coordinates": [
          11.53383448,
          4.79033358,
          0
        ]
      }
    },
    {
      "type": "Feature",
      "id": "h154",
      "properties": {
        "id": "h154",
        "kind": "house",
        "hang": 0,
        "x": -39.654,
        "z": 191.741,
        "name": "Selam",
        "cluster": "south",
        "feederId": "f-south",
        "boardId": "ems-16",
        "xfmrId": "t-f-south-3",
        "phase": "B"
      },
      "geometry": {
        "type": "Point",
        "coordinates": [
          11.53376254,
          4.79036757,
          0
        ]
      }
    },
    {
      "type": "Feature",
      "id": "h155",
      "properties": {
        "id": "h155",
        "kind": "house",
        "hang": 0,
        "x": -38.308,
        "z": 180.764,
        "name": "Ada",
        "cluster": "south",
        "feederId": "f-south",
        "boardId": "ems-16",
        "xfmrId": "t-f-south-3",
        "phase": "C"
      },
      "geometry": {
        "type": "Point",
        "coordinates": [
          11.53377467,
          4.79046618,
          0
        ]
      }
    },
    {
      "type": "Feature",
      "id": "h156",
      "properties": {
        "id": "h156",
        "kind": "house",
        "hang": 0,
        "x": -43.206,
        "z": 167.328,
        "name": "Ben",
        "cluster": "south",
        "feederId": "f-south",
        "boardId": "ems-16",
        "xfmrId": "t-f-south-3",
        "phase": "A"
      },
      "geometry": {
        "type": "Point",
        "coordinates": [
          11.53373052,
          4.79058687,
          0
        ]
      }
    },
    {
      "type": "Feature",
      "id": "h157",
      "properties": {
        "id": "h157",
        "kind": "house",
        "hang": 0,
        "x": -30.362,
        "z": 168.143,
        "name": "Cora",
        "cluster": "south",
        "feederId": "f-south",
        "boardId": "ems-16",
        "xfmrId": "t-f-south-3",
        "phase": "B"
      },
      "geometry": {
        "type": "Point",
        "coordinates": [
          11.5338463,
          4.79057956,
          0
        ]
      }
    },
    {
      "type": "Feature",
      "id": "h158",
      "properties": {
        "id": "h158",
        "kind": "house",
        "hang": 0,
        "x": -17.259,
        "z": 165.887,
        "name": "Eli",
        "cluster": "south",
        "feederId": "f-south",
        "boardId": "ems-16",
        "xfmrId": "t-f-south-3",
        "phase": "C"
      },
      "geometry": {
        "type": "Point",
        "coordinates": [
          11.53396441,
          4.79059982,
          0
        ]
      }
    },
    {
      "type": "Feature",
      "id": "h159",
      "properties": {
        "id": "h159",
        "kind": "house",
        "hang": 0,
        "x": -6.623,
        "z": 172.416,
        "name": "Femi",
        "cluster": "south",
        "feederId": "f-south",
        "boardId": "ems-16",
        "xfmrId": "t-f-south-3",
        "phase": "A"
      },
      "geometry": {
        "type": "Point",
        "coordinates": [
          11.53406029,
          4.79054117,
          0
        ]
      }
    },
    {
      "type": "Feature",
      "id": "h160",
      "properties": {
        "id": "h160",
        "kind": "house",
        "hang": 0,
        "x": -3.904,
        "z": -7.115,
        "name": "Leila",
        "cluster": "east",
        "feederId": "f-east",
        "boardId": "ems-17",
        "xfmrId": "t-f-east-0",
        "phase": "B"
      },
      "geometry": {
        "type": "Point",
        "coordinates": [
          11.53408481,
          4.79215392,
          0
        ]
      }
    },
    {
      "type": "Feature",
      "id": "h161",
      "properties": {
        "id": "h161",
        "kind": "house",
        "hang": 0,
        "x": -7.612,
        "z": 3.044,
        "name": "Musa",
        "cluster": "east",
        "feederId": "f-east",
        "boardId": "ems-17",
        "xfmrId": "t-f-east-0",
        "phase": "C"
      },
      "geometry": {
        "type": "Point",
        "coordinates": [
          11.53405138,
          4.79206265,
          0
        ]
      }
    },
    {
      "type": "Feature",
      "id": "h162",
      "properties": {
        "id": "h162",
        "kind": "house",
        "hang": 0,
        "x": -16.465,
        "z": 16.775,
        "name": "Hope",
        "cluster": "east",
        "feederId": "f-east",
        "boardId": "ems-17",
        "xfmrId": "t-f-east-0",
        "phase": "A"
      },
      "geometry": {
        "type": "Point",
        "coordinates": [
          11.53397158,
          4.79193931,
          0
        ]
      }
    },
    {
      "type": "Feature",
      "id": "h163",
      "properties": {
        "id": "h163",
        "kind": "house",
        "hang": 0,
        "x": -33.516,
        "z": 9.004,
        "name": "Daniel",
        "cluster": "east",
        "feederId": "f-east",
        "boardId": "ems-17",
        "xfmrId": "t-f-east-0",
        "phase": "B"
      },
      "geometry": {
        "type": "Point",
        "coordinates": [
          11.53381787,
          4.79200911,
          0
        ]
      }
    },
    {
      "type": "Feature",
      "id": "h164",
      "properties": {
        "id": "h164",
        "kind": "house",
        "hang": 0,
        "x": -43.467,
        "z": 0.118,
        "name": "Ayo",
        "cluster": "east",
        "feederId": "f-east",
        "boardId": "ems-17",
        "xfmrId": "t-f-east-0",
        "phase": "C"
      },
      "geometry": {
        "type": "Point",
        "coordinates": [
          11.53372816,
          4.79208894,
          0
        ]
      }
    },
    {
      "type": "Feature",
      "id": "h165",
      "properties": {
        "id": "h165",
        "kind": "house",
        "hang": 0,
        "x": -55.097,
        "z": -12.413,
        "name": "Ruth",
        "cluster": "east",
        "feederId": "f-east",
        "boardId": "ems-17",
        "xfmrId": "t-f-east-0",
        "phase": "A"
      },
      "geometry": {
        "type": "Point",
        "coordinates": [
          11.53362332,
          4.7922015,
          0
        ]
      }
    },
    {
      "type": "Feature",
      "id": "h166",
      "properties": {
        "id": "h166",
        "kind": "house",
        "hang": 0,
        "x": -41.524,
        "z": -30.701,
        "name": "Eshe",
        "cluster": "east",
        "feederId": "f-east",
        "boardId": "ems-17",
        "xfmrId": "t-f-east-0",
        "phase": "B"
      },
      "geometry": {
        "type": "Point",
        "coordinates": [
          11.53374568,
          4.79236579,
          0
        ]
      }
    },
    {
      "type": "Feature",
      "id": "h167",
      "properties": {
        "id": "h167",
        "kind": "house",
        "hang": 0,
        "x": -27.313,
        "z": -23.69,
        "name": "Tomas",
        "cluster": "east",
        "feederId": "f-east",
        "boardId": "ems-17",
        "xfmrId": "t-f-east-0",
        "phase": "C"
      },
      "geometry": {
        "type": "Point",
        "coordinates": [
          11.53387379,
          4.79230281,
          0
        ]
      }
    },
    {
      "type": "Feature",
      "id": "h168",
      "properties": {
        "id": "h168",
        "kind": "house",
        "hang": 0,
        "x": -18.536,
        "z": -24.223,
        "name": "Winta",
        "cluster": "east",
        "feederId": "f-east",
        "boardId": "ems-17",
        "xfmrId": "t-f-east-0",
        "phase": "A"
      },
      "geometry": {
        "type": "Point",
        "coordinates": [
          11.5339529,
          4.7923076,
          0
        ]
      }
    },
    {
      "type": "Feature",
      "id": "h169",
      "properties": {
        "id": "h169",
        "kind": "house",
        "hang": 0,
        "x": -10.843,
        "z": -19.292,
        "name": "Juma",
        "cluster": "east",
        "feederId": "f-east",
        "boardId": "ems-17",
        "xfmrId": "t-f-east-0",
        "phase": "B"
      },
      "geometry": {
        "type": "Point",
        "coordinates": [
          11.53402225,
          4.7922633,
          0
        ]
      }
    },
    {
      "type": "Feature",
      "id": "h170",
      "properties": {
        "id": "h170",
        "kind": "house",
        "hang": 0,
        "x": 29.16,
        "z": 18.384,
        "name": "Sanaa",
        "cluster": "east",
        "feederId": "f-east",
        "boardId": "ems-18",
        "xfmrId": "t-f-east-1",
        "phase": "C"
      },
      "geometry": {
        "type": "Point",
        "coordinates": [
          11.53438287,
          4.79192486,
          0
        ]
      }
    },
    {
      "type": "Feature",
      "id": "h171",
      "properties": {
        "id": "h171",
        "kind": "house",
        "hang": 0,
        "x": 31.1,
        "z": 30.625,
        "name": "Abel",
        "cluster": "east",
        "feederId": "f-east",
        "boardId": "ems-18",
        "xfmrId": "t-f-east-1",
        "phase": "A"
      },
      "geometry": {
        "type": "Point",
        "coordinates": [
          11.53440035,
          4.79181489,
          0
        ]
      }
    },
    {
      "type": "Feature",
      "id": "h172",
      "properties": {
        "id": "h172",
        "kind": "house",
        "hang": 0,
        "x": 15.866,
        "z": 49.298,
        "name": "Farah",
        "cluster": "east",
        "feederId": "f-east",
        "boardId": "ems-18",
        "xfmrId": "t-f-east-1",
        "phase": "B"
      },
      "geometry": {
        "type": "Point",
        "coordinates": [
          11.53426303,
          4.79164715,
          0
        ]
      }
    },
    {
      "type": "Feature",
      "id": "h173",
      "properties": {
        "id": "h173",
        "kind": "house",
        "hang": 0,
        "x": 7.913,
        "z": 28.313,
        "name": "Kojo",
        "cluster": "east",
        "feederId": "f-east",
        "boardId": "ems-18",
        "xfmrId": "t-f-east-1",
        "phase": "C"
      },
      "geometry": {
        "type": "Point",
        "coordinates": [
          11.53419133,
          4.79183566,
          0
        ]
      }
    },
    {
      "type": "Feature",
      "id": "h174",
      "properties": {
        "id": "h174",
        "kind": "house",
        "hang": 0,
        "x": -8.042,
        "z": 30.255,
        "name": "Dina",
        "cluster": "east",
        "feederId": "f-east",
        "boardId": "ems-18",
        "xfmrId": "t-f-east-1",
        "phase": "A"
      },
      "geometry": {
        "type": "Point",
        "coordinates": [
          11.53404751,
          4.79181821,
          0
        ]
      }
    },
    {
      "type": "Feature",
      "id": "h175",
      "properties": {
        "id": "h175",
        "kind": "house",
        "hang": 0,
        "x": -5.633,
        "z": 12.703,
        "name": "Issa",
        "cluster": "east",
        "feederId": "f-east",
        "boardId": "ems-18",
        "xfmrId": "t-f-east-1",
        "phase": "B"
      },
      "geometry": {
        "type": "Point",
        "coordinates": [
          11.53406922,
          4.79197589,
          0
        ]
      }
    },
    {
      "type": "Feature",
      "id": "h176",
      "properties": {
        "id": "h176",
        "kind": "house",
        "hang": 0,
        "x": 2.297,
        "z": 6.163,
        "name": "Makeda",
        "cluster": "east",
        "feederId": "f-east",
        "boardId": "ems-18",
        "xfmrId": "t-f-east-1",
        "phase": "C"
      },
      "geometry": {
        "type": "Point",
        "coordinates": [
          11.53414071,
          4.79203464,
          0
        ]
      }
    },
    {
      "type": "Feature",
      "id": "h177",
      "properties": {
        "id": "h177",
        "kind": "house",
        "hang": 0,
        "x": 11.076,
        "z": 4.604,
        "name": "Ravi",
        "cluster": "east",
        "feederId": "f-east",
        "boardId": "ems-18",
        "xfmrId": "t-f-east-1",
        "phase": "A"
      },
      "geometry": {
        "type": "Point",
        "coordinates": [
          11.53421985,
          4.79204864,
          0
        ]
      }
    },
    {
      "type": "Feature",
      "id": "h178",
      "properties": {
        "id": "h178",
        "kind": "house",
        "hang": 0,
        "x": 19.83,
        "z": -0.067,
        "name": "Noor",
        "cluster": "east",
        "feederId": "f-east",
        "boardId": "ems-18",
        "xfmrId": "t-f-east-1",
        "phase": "B"
      },
      "geometry": {
        "type": "Point",
        "coordinates": [
          11.53429876,
          4.7920906,
          0
        ]
      }
    },
    {
      "type": "Feature",
      "id": "h179",
      "properties": {
        "id": "h179",
        "kind": "house",
        "hang": 0,
        "x": 26.147,
        "z": 7.386,
        "name": "Taye",
        "cluster": "east",
        "feederId": "f-east",
        "boardId": "ems-18",
        "xfmrId": "t-f-east-1",
        "phase": "C"
      },
      "geometry": {
        "type": "Point",
        "coordinates": [
          11.5343557,
          4.79202365,
          0
        ]
      }
    },
    {
      "type": "Feature",
      "id": "h180",
      "properties": {
        "id": "h180",
        "kind": "house",
        "hang": 0,
        "x": 76.078,
        "z": 28.15,
        "name": "Sifiso",
        "cluster": "east",
        "feederId": "f-east",
        "boardId": "ems-19",
        "xfmrId": "t-f-east-2",
        "phase": "A"
      },
      "geometry": {
        "type": "Point",
        "coordinates": [
          11.53480582,
          4.79183713,
          0
        ]
      }
    },
    {
      "type": "Feature",
      "id": "h181",
      "properties": {
        "id": "h181",
        "kind": "house",
        "hang": 0,
        "x": 69.883,
        "z": 40.385,
        "name": "Halima",
        "cluster": "east",
        "feederId": "f-east",
        "boardId": "ems-19",
        "xfmrId": "t-f-east-2",
        "phase": "B"
      },
      "geometry": {
        "type": "Point",
        "coordinates": [
          11.53474997,
          4.79172722,
          0
        ]
      }
    },
    {
      "type": "Feature",
      "id": "h182",
      "properties": {
        "id": "h182",
        "kind": "house",
        "hang": 0,
        "x": 55.213,
        "z": 37.515,
        "name": "Yara",
        "cluster": "east",
        "feederId": "f-east",
        "boardId": "ems-19",
        "xfmrId": "t-f-east-2",
        "phase": "C"
      },
      "geometry": {
        "type": "Point",
        "coordinates": [
          11.53461773,
          4.791753,
          0
        ]
      }
    },
    {
      "type": "Feature",
      "id": "h183",
      "properties": {
        "id": "h183",
        "kind": "house",
        "hang": 0,
        "x": 46.735,
        "z": 45.053,
        "name": "Biko",
        "cluster": "east",
        "feederId": "f-east",
        "boardId": "ems-19",
        "xfmrId": "t-f-east-2",
        "phase": "A"
      },
      "geometry": {
        "type": "Point",
        "coordinates": [
          11.5345413,
          4.79168528,
          0
        ]
      }
    },
    {
      "type": "Feature",
      "id": "h184",
      "properties": {
        "id": "h184",
        "kind": "house",
        "hang": 0,
        "x": 40.523,
        "z": 35.001,
        "name": "Lina",
        "cluster": "east",
        "feederId": "f-east",
        "boardId": "ems-19",
        "xfmrId": "t-f-east-2",
        "phase": "B"
      },
      "geometry": {
        "type": "Point",
        "coordinates": [
          11.5344853,
          4.79177558,
          0
        ]
      }
    },
    {
      "type": "Feature",
      "id": "h185",
      "properties": {
        "id": "h185",
        "kind": "house",
        "hang": 0,
        "x": 42.75,
        "z": 25.038,
        "name": "Oumar",
        "cluster": "east",
        "feederId": "f-east",
        "boardId": "ems-19",
        "xfmrId": "t-f-east-2",
        "phase": "C"
      },
      "geometry": {
        "type": "Point",
        "coordinates": [
          11.53450537,
          4.79186508,
          0
        ]
      }
    },
    {
      "type": "Feature",
      "id": "h186",
      "properties": {
        "id": "h186",
        "kind": "house",
        "hang": 0,
        "x": 38.403,
        "z": 13.517,
        "name": "Zuri",
        "cluster": "east",
        "feederId": "f-east",
        "boardId": "ems-19",
        "xfmrId": "t-f-east-2",
        "phase": "A"
      },
      "geometry": {
        "type": "Point",
        "coordinates": [
          11.53446619,
          4.79196857,
          0
        ]
      }
    },
    {
      "type": "Feature",
      "id": "h187",
      "properties": {
        "id": "h187",
        "kind": "house",
        "hang": 0,
        "x": 50.143,
        "z": 7.238,
        "name": "Ama",
        "cluster": "east",
        "feederId": "f-east",
        "boardId": "ems-19",
        "xfmrId": "t-f-east-2",
        "phase": "B"
      },
      "geometry": {
        "type": "Point",
        "coordinates": [
          11.53457202,
          4.79202498,
          0
        ]
      }
    },
    {
      "type": "Feature",
      "id": "h188",
      "properties": {
        "id": "h188",
        "kind": "house",
        "hang": 0,
        "x": 60.912,
        "z": 13.204,
        "name": "Sami",
        "cluster": "east",
        "feederId": "f-east",
        "boardId": "ems-19",
        "xfmrId": "t-f-east-2",
        "phase": "C"
      },
      "geometry": {
        "type": "Point",
        "coordinates": [
          11.5346691,
          4.79197138,
          0
        ]
      }
    },
    {
      "type": "Feature",
      "id": "h189",
      "properties": {
        "id": "h189",
        "kind": "house",
        "hang": 0,
        "x": 65.867,
        "z": 20.824,
        "name": "Thea",
        "cluster": "east",
        "feederId": "f-east",
        "boardId": "ems-19",
        "xfmrId": "t-f-east-2",
        "phase": "A"
      },
      "geometry": {
        "type": "Point",
        "coordinates": [
          11.53471377,
          4.79190293,
          0
        ]
      }
    },
    {
      "type": "Feature",
      "id": "h190",
      "properties": {
        "id": "h190",
        "kind": "house",
        "hang": 0,
        "x": 111.159,
        "z": 23.136,
        "name": "Ife",
        "cluster": "east",
        "feederId": "f-east",
        "boardId": "ems-20",
        "xfmrId": "t-f-east-3",
        "phase": "B"
      },
      "geometry": {
        "type": "Point",
        "coordinates": [
          11.53512205,
          4.79188216,
          0
        ]
      }
    },
    {
      "type": "Feature",
      "id": "h191",
      "properties": {
        "id": "h191",
        "kind": "house",
        "hang": 0,
        "x": 110.961,
        "z": 31.602,
        "name": "Nuru",
        "cluster": "east",
        "feederId": "f-east",
        "boardId": "ems-20",
        "xfmrId": "t-f-east-3",
        "phase": "C"
      },
      "geometry": {
        "type": "Point",
        "coordinates": [
          11.53512027,
          4.79180612,
          0
        ]
      }
    },
    {
      "type": "Feature",
      "id": "h192",
      "properties": {
        "id": "h192",
        "kind": "house",
        "hang": 0,
        "x": 102.883,
        "z": 35.388,
        "name": "Gita",
        "cluster": "east",
        "feederId": "f-east",
        "boardId": "ems-20",
        "xfmrId": "t-f-east-3",
        "phase": "A"
      },
      "geometry": {
        "type": "Point",
        "coordinates": [
          11.53504745,
          4.79177211,
          0
        ]
      }
    },
    {
      "type": "Feature",
      "id": "h193",
      "properties": {
        "id": "h193",
        "kind": "house",
        "hang": 0,
        "x": 89.774,
        "z": 39.408,
        "name": "Pio",
        "cluster": "east",
        "feederId": "f-east",
        "boardId": "ems-20",
        "xfmrId": "t-f-east-3",
        "phase": "B"
      },
      "geometry": {
        "type": "Point",
        "coordinates": [
          11.53492928,
          4.79173599,
          0
        ]
      }
    },
    {
      "type": "Feature",
      "id": "h194",
      "properties": {
        "id": "h194",
        "kind": "house",
        "hang": 0,
        "x": 88.2,
        "z": 28.162,
        "name": "Selam",
        "cluster": "east",
        "feederId": "f-east",
        "boardId": "ems-20",
        "xfmrId": "t-f-east-3",
        "phase": "C"
      },
      "geometry": {
        "type": "Point",
        "coordinates": [
          11.53491509,
          4.79183702,
          0
        ]
      }
    },
    {
      "type": "Feature",
      "id": "h195",
      "properties": {
        "id": "h195",
        "kind": "house",
        "hang": 0,
        "x": 84.514,
        "z": 20.133,
        "name": "Ada",
        "cluster": "east",
        "feederId": "f-east",
        "boardId": "ems-20",
        "xfmrId": "t-f-east-3",
        "phase": "A"
      },
      "geometry": {
        "type": "Point",
        "coordinates": [
          11.53488186,
          4.79190914,
          0
        ]
      }
    },
    {
      "type": "Feature",
      "id": "h196",
      "properties": {
        "id": "h196",
        "kind": "house",
        "hang": 0,
        "x": 90.996,
        "z": 13.197,
        "name": "Ben",
        "cluster": "east",
        "feederId": "f-east",
        "boardId": "ems-20",
        "xfmrId": "t-f-east-3",
        "phase": "B"
      },
      "geometry": {
        "type": "Point",
        "coordinates": [
          11.53494029,
          4.79197145,
          0
        ]
      }
    },
    {
      "type": "Feature",
      "id": "h197",
      "properties": {
        "id": "h197",
        "kind": "house",
        "hang": 0,
        "x": 95.634,
        "z": -3.688,
        "name": "Cora",
        "cluster": "east",
        "feederId": "f-east",
        "boardId": "ems-20",
        "xfmrId": "t-f-east-3",
        "phase": "C"
      },
      "geometry": {
        "type": "Point",
        "coordinates": [
          11.5349821,
          4.79212313,
          0
        ]
      }
    },
    {
      "type": "Feature",
      "id": "h198",
      "properties": {
        "id": "h198",
        "kind": "house",
        "hang": 0,
        "x": 105.628,
        "z": 6.377,
        "name": "Eli",
        "cluster": "east",
        "feederId": "f-east",
        "boardId": "ems-20",
        "xfmrId": "t-f-east-3",
        "phase": "A"
      },
      "geometry": {
        "type": "Point",
        "coordinates": [
          11.5350722,
          4.79203272,
          0
        ]
      }
    },
    {
      "type": "Feature",
      "id": "h199",
      "properties": {
        "id": "h199",
        "kind": "house",
        "hang": 0,
        "x": 112.283,
        "z": 13.494,
        "name": "Femi",
        "cluster": "east",
        "feederId": "f-east",
        "boardId": "ems-20",
        "xfmrId": "t-f-east-3",
        "phase": "B"
      },
      "geometry": {
        "type": "Point",
        "coordinates": [
          11.53513219,
          4.79196878,
          0
        ]
      }
    },
    {
      "type": "Feature",
      "id": "t-f-west-0",
      "properties": {
        "id": "t-f-west-0",
        "kind": "xfmr",
        "hang": 6,
        "x": -214.009,
        "z": 17.342,
        "feederId": "f-west",
        "cluster": "west",
        "label": "pole xfmr · west farms feeder 1"
      },
      "geometry": {
        "type": "Point",
        "coordinates": [
          11.53219079,
          4.79193422,
          6
        ]
      }
    },
    {
      "type": "Feature",
      "id": "t-f-west-1",
      "properties": {
        "id": "t-f-west-1",
        "kind": "xfmr",
        "hang": 6,
        "x": -255.913,
        "z": 35.476,
        "feederId": "f-west",
        "cluster": "west",
        "label": "pole xfmr · west farms feeder 2"
      },
      "geometry": {
        "type": "Point",
        "coordinates": [
          11.53181304,
          4.79177131,
          6
        ]
      }
    },
    {
      "type": "Feature",
      "id": "t-f-west-2",
      "properties": {
        "id": "t-f-west-2",
        "kind": "xfmr",
        "hang": 6,
        "x": -285.439,
        "z": 66.873,
        "feederId": "f-west",
        "cluster": "west",
        "label": "pole xfmr · west farms feeder 3"
      },
      "geometry": {
        "type": "Point",
        "coordinates": [
          11.53154687,
          4.79148927,
          6
        ]
      }
    },
    {
      "type": "Feature",
      "id": "t-f-west-3",
      "properties": {
        "id": "t-f-west-3",
        "kind": "xfmr",
        "hang": 6,
        "x": -304.853,
        "z": 109.105,
        "feederId": "f-west",
        "cluster": "west",
        "label": "pole xfmr · west farms feeder 4"
      },
      "geometry": {
        "type": "Point",
        "coordinates": [
          11.53137186,
          4.7911099,
          6
        ]
      }
    },
    {
      "type": "Feature",
      "id": "t-f-west-4",
      "properties": {
        "id": "t-f-west-4",
        "kind": "xfmr",
        "hang": 6,
        "x": -328.383,
        "z": 146.926,
        "feederId": "f-west",
        "cluster": "west",
        "label": "pole xfmr · west farms feeder 5"
      },
      "geometry": {
        "type": "Point",
        "coordinates": [
          11.53115975,
          4.79077014,
          6
        ]
      }
    },
    {
      "type": "Feature",
      "id": "t-f-west-5",
      "properties": {
        "id": "t-f-west-5",
        "kind": "xfmr",
        "hang": 6,
        "x": -365.389,
        "z": 170.31,
        "feederId": "f-west",
        "cluster": "west",
        "label": "pole xfmr · west farms feeder 6"
      },
      "geometry": {
        "type": "Point",
        "coordinates": [
          11.53082616,
          4.79056009,
          6
        ]
      }
    },
    {
      "type": "Feature",
      "id": "t-f-market-0",
      "properties": {
        "id": "t-f-market-0",
        "kind": "xfmr",
        "hang": 6,
        "x": -98.933,
        "z": -16.8,
        "feederId": "f-market",
        "cluster": "market",
        "label": "pole xfmr · market feeder 1"
      },
      "geometry": {
        "type": "Point",
        "coordinates": [
          11.53322816,
          4.79224091,
          6
        ]
      }
    },
    {
      "type": "Feature",
      "id": "t-f-market-1",
      "properties": {
        "id": "t-f-market-1",
        "kind": "xfmr",
        "hang": 6,
        "x": -72.994,
        "z": 19.809,
        "feederId": "f-market",
        "cluster": "market",
        "label": "pole xfmr · market feeder 2"
      },
      "geometry": {
        "type": "Point",
        "coordinates": [
          11.53346199,
          4.79191206,
          6
        ]
      }
    },
    {
      "type": "Feature",
      "id": "t-f-market-2",
      "properties": {
        "id": "t-f-market-2",
        "kind": "xfmr",
        "hang": 6,
        "x": -36.729,
        "z": 41.502,
        "feederId": "f-market",
        "cluster": "market",
        "label": "pole xfmr · market feeder 3"
      },
      "geometry": {
        "type": "Point",
        "coordinates": [
          11.5337889,
          4.79171718,
          6
        ]
      }
    },
    {
      "type": "Feature",
      "id": "t-f-market-3",
      "properties": {
        "id": "t-f-market-3",
        "kind": "xfmr",
        "hang": 6,
        "x": 7.972,
        "z": 51.009,
        "feederId": "f-market",
        "cluster": "market",
        "label": "pole xfmr · market feeder 4"
      },
      "geometry": {
        "type": "Point",
        "coordinates": [
          11.53419187,
          4.79163178,
          6
        ]
      }
    },
    {
      "type": "Feature",
      "id": "t-f-clinic-0",
      "properties": {
        "id": "t-f-clinic-0",
        "kind": "xfmr",
        "hang": 6,
        "x": -62.021,
        "z": -35.944,
        "feederId": "f-clinic",
        "cluster": "clinic",
        "label": "pole xfmr · clinic feeder 1"
      },
      "geometry": {
        "type": "Point",
        "coordinates": [
          11.5335609,
          4.79241289,
          6
        ]
      }
    },
    {
      "type": "Feature",
      "id": "t-f-clinic-1",
      "properties": {
        "id": "t-f-clinic-1",
        "kind": "xfmr",
        "hang": 6,
        "x": -24.854,
        "z": -14.979,
        "feederId": "f-clinic",
        "cluster": "clinic",
        "label": "pole xfmr · clinic feeder 2"
      },
      "geometry": {
        "type": "Point",
        "coordinates": [
          11.53389595,
          4.79222456,
          6
        ]
      }
    },
    {
      "type": "Feature",
      "id": "t-f-south-0",
      "properties": {
        "id": "t-f-south-0",
        "kind": "xfmr",
        "hang": 6,
        "x": -86.368,
        "z": 71.38,
        "feederId": "f-south",
        "cluster": "south",
        "label": "pole xfmr · south feeder 1"
      },
      "geometry": {
        "type": "Point",
        "coordinates": [
          11.53334142,
          4.79144879,
          6
        ]
      }
    },
    {
      "type": "Feature",
      "id": "t-f-south-1",
      "properties": {
        "id": "t-f-south-1",
        "kind": "xfmr",
        "hang": 6,
        "x": -81.847,
        "z": 116.018,
        "feederId": "f-south",
        "cluster": "south",
        "label": "pole xfmr · south feeder 2"
      },
      "geometry": {
        "type": "Point",
        "coordinates": [
          11.53338218,
          4.7910478,
          6
        ]
      }
    },
    {
      "type": "Feature",
      "id": "t-f-south-2",
      "properties": {
        "id": "t-f-south-2",
        "kind": "xfmr",
        "hang": 6,
        "x": -60.988,
        "z": 152.77,
        "feederId": "f-south",
        "cluster": "south",
        "label": "pole xfmr · south feeder 3"
      },
      "geometry": {
        "type": "Point",
        "coordinates": [
          11.53357022,
          4.79071765,
          6
        ]
      }
    },
    {
      "type": "Feature",
      "id": "t-f-south-3",
      "properties": {
        "id": "t-f-south-3",
        "kind": "xfmr",
        "hang": 6,
        "x": -26.783,
        "z": 183.078,
        "feederId": "f-south",
        "cluster": "south",
        "label": "pole xfmr · south feeder 4"
      },
      "geometry": {
        "type": "Point",
        "coordinates": [
          11.53387856,
          4.79044539,
          6
        ]
      }
    },
    {
      "type": "Feature",
      "id": "t-f-east-0",
      "properties": {
        "id": "t-f-east-0",
        "kind": "xfmr",
        "hang": 6,
        "x": -23.011,
        "z": -10.452,
        "feederId": "f-east",
        "cluster": "east",
        "label": "pole xfmr · east feeder 1"
      },
      "geometry": {
        "type": "Point",
        "coordinates": [
          11.53391256,
          4.79218389,
          6
        ]
      }
    },
    {
      "type": "Feature",
      "id": "t-f-east-1",
      "properties": {
        "id": "t-f-east-1",
        "kind": "xfmr",
        "hang": 6,
        "x": 12.714,
        "z": 16.691,
        "feederId": "f-east",
        "cluster": "east",
        "label": "pole xfmr · east feeder 2"
      },
      "geometry": {
        "type": "Point",
        "coordinates": [
          11.53423461,
          4.79194006,
          6
        ]
      }
    },
    {
      "type": "Feature",
      "id": "t-f-east-2",
      "properties": {
        "id": "t-f-east-2",
        "kind": "xfmr",
        "hang": 6,
        "x": 53.816,
        "z": 26.508,
        "feederId": "f-east",
        "cluster": "east",
        "label": "pole xfmr · east feeder 3"
      },
      "geometry": {
        "type": "Point",
        "coordinates": [
          11.53460513,
          4.79185187,
          6
        ]
      }
    },
    {
      "type": "Feature",
      "id": "t-f-east-3",
      "properties": {
        "id": "t-f-east-3",
        "kind": "xfmr",
        "hang": 6,
        "x": 99.31,
        "z": 22.171,
        "feederId": "f-east",
        "cluster": "east",
        "label": "pole xfmr · east feeder 4"
      },
      "geometry": {
        "type": "Point",
        "coordinates": [
          11.53501525,
          4.79189084,
          6
        ]
      }
    },
    {
      "type": "Feature",
      "id": "f-west",
      "properties": {
        "id": "f-west",
        "kind": "feeder",
        "hang": 8.399999999999999,
        "x": -192,
        "z": -3.2,
        "cluster": "west",
        "label": "west farms feeder"
      },
      "geometry": {
        "type": "Point",
        "coordinates": [
          11.53238919,
          4.79211875,
          8.4
        ]
      }
    },
    {
      "type": "Feature",
      "id": "f-market",
      "properties": {
        "id": "f-market",
        "kind": "feeder",
        "hang": 8.399999999999999,
        "x": -123.2,
        "z": -33.6,
        "cluster": "market",
        "label": "market feeder"
      },
      "geometry": {
        "type": "Point",
        "coordinates": [
          11.5330094,
          4.79239183,
          8.4
        ]
      }
    },
    {
      "type": "Feature",
      "id": "f-clinic",
      "properties": {
        "id": "f-clinic",
        "kind": "feeder",
        "hang": 8.399999999999999,
        "x": -89.6,
        "z": -40,
        "cluster": "clinic",
        "label": "clinic feeder"
      },
      "geometry": {
        "type": "Point",
        "coordinates": [
          11.53331229,
          4.79244932,
          8.4
        ]
      }
    },
    {
      "type": "Feature",
      "id": "f-south",
      "properties": {
        "id": "f-south",
        "kind": "feeder",
        "hang": 8.399999999999999,
        "x": -99.2,
        "z": 44.8,
        "cluster": "south",
        "label": "south feeder"
      },
      "geometry": {
        "type": "Point",
        "coordinates": [
          11.53322575,
          4.79168756,
          8.4
        ]
      }
    },
    {
      "type": "Feature",
      "id": "f-east",
      "properties": {
        "id": "f-east",
        "kind": "feeder",
        "hang": 8.399999999999999,
        "x": -51.2,
        "z": -19.2,
        "cluster": "east",
        "label": "east feeder"
      },
      "geometry": {
        "type": "Point",
        "coordinates": [
          11.53365845,
          4.79226248,
          8.4
        ]
      }
    },
    {
      "type": "Feature",
      "id": "ems-1",
      "properties": {
        "id": "ems-1",
        "kind": "ems",
        "hang": 3.9000000000000004,
        "x": -212.876,
        "z": 19.819,
        "feederId": "f-west",
        "xfmrId": "t-f-west-0",
        "houseIds": [
          "h0",
          "h1",
          "h2",
          "h3",
          "h4",
          "h5",
          "h6",
          "h7",
          "h8",
          "h9"
        ],
        "label": "MeshEMS · west 1"
      },
      "geometry": {
        "type": "Point",
        "coordinates": [
          11.53220101,
          4.79191196,
          3.9
        ]
      }
    },
    {
      "type": "Feature",
      "id": "ems-2",
      "properties": {
        "id": "ems-2",
        "kind": "ems",
        "hang": 3.9000000000000004,
        "x": -259.253,
        "z": 37.04,
        "feederId": "f-west",
        "xfmrId": "t-f-west-1",
        "houseIds": [
          "h10",
          "h11",
          "h12",
          "h13",
          "h14",
          "h15",
          "h16",
          "h17",
          "h18",
          "h19"
        ],
        "label": "MeshEMS · west 2"
      },
      "geometry": {
        "type": "Point",
        "coordinates": [
          11.53178293,
          4.79175726,
          3.9
        ]
      }
    },
    {
      "type": "Feature",
      "id": "ems-3",
      "properties": {
        "id": "ems-3",
        "kind": "ems",
        "hang": 3.9000000000000004,
        "x": -283.087,
        "z": 69.5,
        "feederId": "f-west",
        "xfmrId": "t-f-west-2",
        "houseIds": [
          "h20",
          "h21",
          "h22",
          "h23",
          "h24",
          "h25",
          "h26",
          "h27",
          "h28",
          "h29"
        ],
        "label": "MeshEMS · west 3"
      },
      "geometry": {
        "type": "Point",
        "coordinates": [
          11.53156807,
          4.79146567,
          3.9
        ]
      }
    },
    {
      "type": "Feature",
      "id": "ems-4",
      "properties": {
        "id": "ems-4",
        "kind": "ems",
        "hang": 3.9000000000000004,
        "x": -306.819,
        "z": 110.779,
        "feederId": "f-west",
        "xfmrId": "t-f-west-3",
        "houseIds": [
          "h30",
          "h31",
          "h32",
          "h33",
          "h34",
          "h35",
          "h36",
          "h37",
          "h38",
          "h39"
        ],
        "label": "MeshEMS · west 4"
      },
      "geometry": {
        "type": "Point",
        "coordinates": [
          11.53135415,
          4.79109486,
          3.9
        ]
      }
    },
    {
      "type": "Feature",
      "id": "ems-5",
      "properties": {
        "id": "ems-5",
        "kind": "ems",
        "hang": 3.9000000000000004,
        "x": -332.329,
        "z": 146.966,
        "feederId": "f-west",
        "xfmrId": "t-f-west-4",
        "houseIds": [
          "h40",
          "h41",
          "h42",
          "h43",
          "h44",
          "h45",
          "h46",
          "h47",
          "h48",
          "h49"
        ],
        "label": "MeshEMS · west 5"
      },
      "geometry": {
        "type": "Point",
        "coordinates": [
          11.53112418,
          4.79076979,
          3.9
        ]
      }
    },
    {
      "type": "Feature",
      "id": "ems-6",
      "properties": {
        "id": "ems-6",
        "kind": "ems",
        "hang": 3.9000000000000004,
        "x": -364.869,
        "z": 166.763,
        "feederId": "f-west",
        "xfmrId": "t-f-west-5",
        "houseIds": [
          "h50",
          "h51",
          "h52",
          "h53",
          "h54",
          "h55",
          "h56",
          "h57",
          "h58",
          "h59"
        ],
        "label": "MeshEMS · west 6"
      },
      "geometry": {
        "type": "Point",
        "coordinates": [
          11.53083084,
          4.79059195,
          3.9
        ]
      }
    },
    {
      "type": "Feature",
      "id": "ems-7",
      "properties": {
        "id": "ems-7",
        "kind": "ems",
        "hang": 3.9000000000000004,
        "x": -96.556,
        "z": -18.151,
        "feederId": "f-market",
        "xfmrId": "t-f-market-0",
        "houseIds": [
          "h60",
          "h61",
          "h62",
          "h63",
          "h64",
          "h65",
          "h66",
          "h67",
          "h68",
          "h69"
        ],
        "label": "MeshEMS · market 7"
      },
      "geometry": {
        "type": "Point",
        "coordinates": [
          11.53324958,
          4.79225305,
          3.9
        ]
      }
    },
    {
      "type": "Feature",
      "id": "ems-8",
      "properties": {
        "id": "ems-8",
        "kind": "ems",
        "hang": 3.9000000000000004,
        "x": -76.174,
        "z": 20.363,
        "feederId": "f-market",
        "xfmrId": "t-f-market-1",
        "houseIds": [
          "h70",
          "h71",
          "h72",
          "h73",
          "h74",
          "h75",
          "h76",
          "h77",
          "h78",
          "h79"
        ],
        "label": "MeshEMS · market 8"
      },
      "geometry": {
        "type": "Point",
        "coordinates": [
          11.53343332,
          4.79190708,
          3.9
        ]
      }
    },
    {
      "type": "Feature",
      "id": "ems-9",
      "properties": {
        "id": "ems-9",
        "kind": "ems",
        "hang": 3.9000000000000004,
        "x": -36.342,
        "z": 45.205,
        "feederId": "f-market",
        "xfmrId": "t-f-market-2",
        "houseIds": [
          "h80",
          "h81",
          "h82",
          "h83",
          "h84",
          "h85",
          "h86",
          "h87",
          "h88",
          "h89"
        ],
        "label": "MeshEMS · market 9"
      },
      "geometry": {
        "type": "Point",
        "coordinates": [
          11.5337924,
          4.79168391,
          3.9
        ]
      }
    },
    {
      "type": "Feature",
      "id": "ems-10",
      "properties": {
        "id": "ems-10",
        "kind": "ems",
        "hang": 3.9000000000000004,
        "x": 6.641,
        "z": 49.118,
        "feederId": "f-market",
        "xfmrId": "t-f-market-3",
        "houseIds": [
          "h90",
          "h91",
          "h92",
          "h93",
          "h94",
          "h95",
          "h96",
          "h97",
          "h98",
          "h99"
        ],
        "label": "MeshEMS · market 10"
      },
      "geometry": {
        "type": "Point",
        "coordinates": [
          11.53417987,
          4.79164877,
          3.9
        ]
      }
    },
    {
      "type": "Feature",
      "id": "ems-11",
      "properties": {
        "id": "ems-11",
        "kind": "ems",
        "hang": 3.9000000000000004,
        "x": -63.454,
        "z": -33.11,
        "feederId": "f-clinic",
        "xfmrId": "t-f-clinic-0",
        "houseIds": [
          "h100",
          "h101",
          "h102",
          "h103",
          "h104",
          "h105",
          "h106",
          "h107",
          "h108",
          "h109"
        ],
        "label": "MeshEMS · clinic 11"
      },
      "geometry": {
        "type": "Point",
        "coordinates": [
          11.53354799,
          4.79238743,
          3.9
        ]
      }
    },
    {
      "type": "Feature",
      "id": "ems-12",
      "properties": {
        "id": "ems-12",
        "kind": "ems",
        "hang": 3.9000000000000004,
        "x": -27.424,
        "z": -11.922,
        "feederId": "f-clinic",
        "xfmrId": "t-f-clinic-1",
        "houseIds": [
          "h110",
          "h111",
          "h112",
          "h113",
          "h114",
          "h115",
          "h116",
          "h117",
          "h118",
          "h119"
        ],
        "label": "MeshEMS · clinic 12"
      },
      "geometry": {
        "type": "Point",
        "coordinates": [
          11.53387279,
          4.7921971,
          3.9
        ]
      }
    },
    {
      "type": "Feature",
      "id": "ems-13",
      "properties": {
        "id": "ems-13",
        "kind": "ems",
        "hang": 3.9000000000000004,
        "x": -89.928,
        "z": 70.193,
        "feederId": "f-south",
        "xfmrId": "t-f-south-0",
        "houseIds": [
          "h120",
          "h121",
          "h122",
          "h123",
          "h124",
          "h125",
          "h126",
          "h127",
          "h128",
          "h129"
        ],
        "label": "MeshEMS · south 13"
      },
      "geometry": {
        "type": "Point",
        "coordinates": [
          11.53330933,
          4.79145945,
          3.9
        ]
      }
    },
    {
      "type": "Feature",
      "id": "ems-14",
      "properties": {
        "id": "ems-14",
        "kind": "ems",
        "hang": 3.9000000000000004,
        "x": -84.594,
        "z": 113.724,
        "feederId": "f-south",
        "xfmrId": "t-f-south-1",
        "houseIds": [
          "h130",
          "h131",
          "h132",
          "h133",
          "h134",
          "h135",
          "h136",
          "h137",
          "h138",
          "h139"
        ],
        "label": "MeshEMS · south 14"
      },
      "geometry": {
        "type": "Point",
        "coordinates": [
          11.53335742,
          4.79106841,
          3.9
        ]
      }
    },
    {
      "type": "Feature",
      "id": "ems-15",
      "properties": {
        "id": "ems-15",
        "kind": "ems",
        "hang": 3.9000000000000004,
        "x": -63.791,
        "z": 152.375,
        "feederId": "f-south",
        "xfmrId": "t-f-south-2",
        "houseIds": [
          "h140",
          "h141",
          "h142",
          "h143",
          "h144",
          "h145",
          "h146",
          "h147",
          "h148",
          "h149"
        ],
        "label": "MeshEMS · south 15"
      },
      "geometry": {
        "type": "Point",
        "coordinates": [
          11.53354495,
          4.79072119,
          3.9
        ]
      }
    },
    {
      "type": "Feature",
      "id": "ems-16",
      "properties": {
        "id": "ems-16",
        "kind": "ems",
        "hang": 3.9000000000000004,
        "x": -28.61,
        "z": 185.28,
        "feederId": "f-south",
        "xfmrId": "t-f-south-3",
        "houseIds": [
          "h150",
          "h151",
          "h152",
          "h153",
          "h154",
          "h155",
          "h156",
          "h157",
          "h158",
          "h159"
        ],
        "label": "MeshEMS · south 16"
      },
      "geometry": {
        "type": "Point",
        "coordinates": [
          11.53386209,
          4.79042561,
          3.9
        ]
      }
    },
    {
      "type": "Feature",
      "id": "ems-17",
      "properties": {
        "id": "ems-17",
        "kind": "ems",
        "hang": 3.9000000000000004,
        "x": -22.003,
        "z": -11.025,
        "feederId": "f-east",
        "xfmrId": "t-f-east-0",
        "houseIds": [
          "h160",
          "h161",
          "h162",
          "h163",
          "h164",
          "h165",
          "h166",
          "h167",
          "h168",
          "h169"
        ],
        "label": "MeshEMS · east 17"
      },
      "geometry": {
        "type": "Point",
        "coordinates": [
          11.53392165,
          4.79218904,
          3.9
        ]
      }
    },
    {
      "type": "Feature",
      "id": "ems-18",
      "properties": {
        "id": "ems-18",
        "kind": "ems",
        "hang": 3.9000000000000004,
        "x": 12.429,
        "z": 14.4,
        "feederId": "f-east",
        "xfmrId": "t-f-east-1",
        "houseIds": [
          "h170",
          "h171",
          "h172",
          "h173",
          "h174",
          "h175",
          "h176",
          "h177",
          "h178",
          "h179"
        ],
        "label": "MeshEMS · east 18"
      },
      "geometry": {
        "type": "Point",
        "coordinates": [
          11.53423205,
          4.79196064,
          3.9
        ]
      }
    },
    {
      "type": "Feature",
      "id": "ems-19",
      "properties": {
        "id": "ems-19",
        "kind": "ems",
        "hang": 3.9000000000000004,
        "x": 50.273,
        "z": 26.151,
        "feederId": "f-east",
        "xfmrId": "t-f-east-2",
        "houseIds": [
          "h180",
          "h181",
          "h182",
          "h183",
          "h184",
          "h185",
          "h186",
          "h187",
          "h188",
          "h189"
        ],
        "label": "MeshEMS · east 19"
      },
      "geometry": {
        "type": "Point",
        "coordinates": [
          11.53457319,
          4.79185508,
          3.9
        ]
      }
    },
    {
      "type": "Feature",
      "id": "ems-20",
      "properties": {
        "id": "ems-20",
        "kind": "ems",
        "hang": 3.9000000000000004,
        "x": 99.528,
        "z": 25.109,
        "feederId": "f-east",
        "xfmrId": "t-f-east-3",
        "houseIds": [
          "h190",
          "h191",
          "h192",
          "h193",
          "h194",
          "h195",
          "h196",
          "h197",
          "h198",
          "h199"
        ],
        "label": "MeshEMS · east 20"
      },
      "geometry": {
        "type": "Point",
        "coordinates": [
          11.53501721,
          4.79186444,
          3.9
        ]
      }
    },
    {
      "type": "Feature",
      "id": "dtm-f-west",
      "properties": {
        "id": "dtm-f-west",
        "kind": "dtm",
        "hang": 9.899999999999999,
        "x": -185.2,
        "z": 1.2,
        "feederId": "f-west",
        "label": "DTM · west farms"
      },
      "geometry": {
        "type": "Point",
        "coordinates": [
          11.53245049,
          4.79207922,
          9.9
        ]
      }
    },
    {
      "type": "Feature",
      "id": "dtm-f-market",
      "properties": {
        "id": "dtm-f-market",
        "kind": "dtm",
        "hang": 9.899999999999999,
        "x": -116.4,
        "z": -29.2,
        "feederId": "f-market",
        "label": "DTM · market"
      },
      "geometry": {
        "type": "Point",
        "coordinates": [
          11.5330707,
          4.79235231,
          9.9
        ]
      }
    },
    {
      "type": "Feature",
      "id": "dtm-f-clinic",
      "properties": {
        "id": "dtm-f-clinic",
        "kind": "dtm",
        "hang": 9.899999999999999,
        "x": -82.8,
        "z": -35.6,
        "feederId": "f-clinic",
        "label": "DTM · clinic"
      },
      "geometry": {
        "type": "Point",
        "coordinates": [
          11.53337359,
          4.7924098,
          9.9
        ]
      }
    },
    {
      "type": "Feature",
      "id": "dtm-f-south",
      "properties": {
        "id": "dtm-f-south",
        "kind": "dtm",
        "hang": 9.899999999999999,
        "x": -92.4,
        "z": 49.2,
        "feederId": "f-south",
        "label": "DTM · south"
      },
      "geometry": {
        "type": "Point",
        "coordinates": [
          11.53328705,
          4.79164803,
          9.9
        ]
      }
    },
    {
      "type": "Feature",
      "id": "dtm-f-east",
      "properties": {
        "id": "dtm-f-east",
        "kind": "dtm",
        "hang": 9.899999999999999,
        "x": -44.4,
        "z": -14.8,
        "feederId": "f-east",
        "label": "DTM · east"
      },
      "geometry": {
        "type": "Point",
        "coordinates": [
          11.53371975,
          4.79222295,
          9.9
        ]
      }
    },
    {
      "type": "Feature",
      "id": "seg-0",
      "properties": {
        "id": "seg-0",
        "kind": "trunk",
        "hang": 2.8,
        "ax": -26,
        "az": -11,
        "bx": -18,
        "bz": -6,
        "feederId": null,
        "xfmrId": null,
        "capW": 68000
      },
      "geometry": {
        "type": "LineString",
        "coordinates": [
          [
            11.53224496,
            4.79288051,
            8.4
          ],
          [
            11.53282189,
            4.79252119,
            8.4
          ]
        ]
      }
    },
    {
      "type": "Feature",
      "id": "seg-1",
      "properties": {
        "id": "seg-1",
        "kind": "trunk",
        "hang": 2.8,
        "ax": -18,
        "az": -6,
        "bx": -24,
        "bz": -0.4,
        "feederId": "f-west",
        "xfmrId": null,
        "capW": 10800
      },
      "geometry": {
        "type": "LineString",
        "coordinates": [
          [
            11.53282189,
            4.79252119,
            8.4
          ],
          [
            11.53238919,
            4.79211875,
            8.4
          ]
        ]
      }
    },
    {
      "type": "Feature",
      "id": "seg-2",
      "properties": {
        "id": "seg-2",
        "kind": "secondary",
        "hang": 1.8,
        "ax": -28.059,
        "az": 2.735,
        "bx": -28.721,
        "bz": 1.896,
        "feederId": "f-west",
        "xfmrId": "t-f-west-0",
        "houseId": "h4",
        "capW": 2200
      },
      "geometry": {
        "type": "LineString",
        "coordinates": [
          [
            11.53209646,
            4.79189348,
            5.4
          ],
          [
            11.53204874,
            4.79195378,
            5.4
          ]
        ]
      }
    },
    {
      "type": "Feature",
      "id": "seg-3",
      "properties": {
        "id": "seg-3",
        "kind": "secondary",
        "hang": 1.8,
        "ax": -25.725,
        "az": 3.171,
        "bx": -26.354,
        "bz": 4.23,
        "feederId": "f-west",
        "xfmrId": "t-f-west-0",
        "houseId": "h1",
        "capW": 2200
      },
      "geometry": {
        "type": "LineString",
        "coordinates": [
          [
            11.53226479,
            4.79186209,
            5.4
          ],
          [
            11.53221946,
            4.791786,
            5.4
          ]
        ]
      }
    },
    {
      "type": "Feature",
      "id": "seg-4",
      "properties": {
        "id": "seg-4",
        "kind": "secondary",
        "hang": 1.8,
        "ax": -24.791,
        "az": 2.339,
        "bx": -24.617,
        "bz": 1.111,
        "feederId": "f-west",
        "xfmrId": "t-f-west-0",
        "houseId": "h0",
        "capW": 2200
      },
      "geometry": {
        "type": "LineString",
        "coordinates": [
          [
            11.53233217,
            4.79192189,
            5.4
          ],
          [
            11.53234467,
            4.79201018,
            5.4
          ]
        ]
      }
    },
    {
      "type": "Feature",
      "id": "seg-5",
      "properties": {
        "id": "seg-5",
        "kind": "secondary",
        "hang": 1.8,
        "ax": -24.791,
        "az": 2.339,
        "bx": -25.725,
        "bz": 3.171,
        "feederId": "f-west",
        "xfmrId": "t-f-west-0",
        "houseId": "h0",
        "capW": 2200
      },
      "geometry": {
        "type": "LineString",
        "coordinates": [
          [
            11.53233217,
            4.79192189,
            5.4
          ],
          [
            11.53226479,
            4.79186209,
            5.4
          ]
        ]
      }
    },
    {
      "type": "Feature",
      "id": "seg-6",
      "properties": {
        "id": "seg-6",
        "kind": "secondary",
        "hang": 1.8,
        "ax": -26.354,
        "az": 4.23,
        "bx": -27.709,
        "bz": 4.072,
        "feederId": "f-west",
        "xfmrId": "t-f-west-0",
        "houseId": "h2",
        "capW": 2200
      },
      "geometry": {
        "type": "LineString",
        "coordinates": [
          [
            11.53221946,
            4.791786,
            5.4
          ],
          [
            11.53212173,
            4.79179739,
            5.4
          ]
        ]
      }
    },
    {
      "type": "Feature",
      "id": "seg-7",
      "properties": {
        "id": "seg-7",
        "kind": "secondary",
        "hang": 1.8,
        "ax": -27.709,
        "az": 4.072,
        "bx": -28.059,
        "bz": 2.735,
        "feederId": "f-west",
        "xfmrId": "t-f-west-0",
        "houseId": "h3",
        "capW": 2200
      },
      "geometry": {
        "type": "LineString",
        "coordinates": [
          [
            11.53212173,
            4.79179739,
            5.4
          ],
          [
            11.53209646,
            4.79189348,
            5.4
          ]
        ]
      }
    },
    {
      "type": "Feature",
      "id": "seg-8",
      "properties": {
        "id": "seg-8",
        "kind": "secondary",
        "hang": 1.8,
        "ax": -26.751,
        "az": 2.168,
        "bx": -28.059,
        "bz": 2.735,
        "feederId": "f-west",
        "xfmrId": "t-f-west-0",
        "houseId": "h4",
        "capW": 2200
      },
      "geometry": {
        "type": "LineString",
        "coordinates": [
          [
            11.53219079,
            4.79193422,
            5.4
          ],
          [
            11.53209646,
            4.79189348,
            5.4
          ]
        ]
      }
    },
    {
      "type": "Feature",
      "id": "seg-9",
      "properties": {
        "id": "seg-9",
        "kind": "secondary",
        "hang": 1.8,
        "ax": -26.096,
        "az": 0.79,
        "bx": -24.617,
        "bz": 1.111,
        "feederId": "f-west",
        "xfmrId": "t-f-west-0",
        "houseId": "h8",
        "capW": 2200
      },
      "geometry": {
        "type": "LineString",
        "coordinates": [
          [
            11.53223807,
            4.79203323,
            5.4
          ],
          [
            11.53234467,
            4.79201018,
            5.4
          ]
        ]
      }
    },
    {
      "type": "Feature",
      "id": "seg-10",
      "properties": {
        "id": "seg-10",
        "kind": "secondary",
        "hang": 1.8,
        "ax": -28.721,
        "az": 1.896,
        "bx": -29.204,
        "bz": 0.152,
        "feederId": "f-west",
        "xfmrId": "t-f-west-0",
        "houseId": "h5",
        "capW": 2200
      },
      "geometry": {
        "type": "LineString",
        "coordinates": [
          [
            11.53204874,
            4.79195378,
            5.4
          ],
          [
            11.53201389,
            4.7920791,
            5.4
          ]
        ]
      }
    },
    {
      "type": "Feature",
      "id": "seg-11",
      "properties": {
        "id": "seg-11",
        "kind": "secondary",
        "hang": 1.8,
        "ax": -27.107,
        "az": -0.722,
        "bx": -26.096,
        "bz": 0.79,
        "feederId": "f-west",
        "xfmrId": "t-f-west-0",
        "houseId": "h7",
        "capW": 2200
      },
      "geometry": {
        "type": "LineString",
        "coordinates": [
          [
            11.53216512,
            4.79214191,
            5.4
          ],
          [
            11.53223807,
            4.79203323,
            5.4
          ]
        ]
      }
    },
    {
      "type": "Feature",
      "id": "seg-12",
      "properties": {
        "id": "seg-12",
        "kind": "secondary",
        "hang": 1.8,
        "ax": -33.75,
        "az": 5.209,
        "bx": -33.503,
        "bz": 4.158,
        "feederId": "f-west",
        "xfmrId": "t-f-west-1",
        "houseId": "h14",
        "capW": 2200
      },
      "geometry": {
        "type": "LineString",
        "coordinates": [
          [
            11.53168604,
            4.79171564,
            5.4
          ],
          [
            11.53170387,
            4.7917912,
            5.4
          ]
        ]
      }
    },
    {
      "type": "Feature",
      "id": "seg-13",
      "properties": {
        "id": "seg-13",
        "kind": "secondary",
        "hang": 1.8,
        "ax": -32.705,
        "az": 5.829,
        "bx": -33.75,
        "bz": 5.209,
        "feederId": "f-west",
        "xfmrId": "t-f-west-1",
        "houseId": "h13",
        "capW": 2200
      },
      "geometry": {
        "type": "LineString",
        "coordinates": [
          [
            11.53176143,
            4.79167113,
            5.4
          ],
          [
            11.53168604,
            4.79171564,
            5.4
          ]
        ]
      }
    },
    {
      "type": "Feature",
      "id": "seg-14",
      "properties": {
        "id": "seg-14",
        "kind": "secondary",
        "hang": 1.8,
        "ax": -30.941,
        "az": 2.657,
        "bx": -29.748,
        "bz": 3.276,
        "feederId": "f-west",
        "xfmrId": "t-f-west-1",
        "houseId": "h18",
        "capW": 2200
      },
      "geometry": {
        "type": "LineString",
        "coordinates": [
          [
            11.5318886,
            4.79189908,
            5.4
          ],
          [
            11.53197469,
            4.79185459,
            5.4
          ]
        ]
      }
    },
    {
      "type": "Feature",
      "id": "seg-15",
      "properties": {
        "id": "seg-15",
        "kind": "secondary",
        "hang": 1.8,
        "ax": -31.989,
        "az": 4.435,
        "bx": -31.053,
        "bz": 5.491,
        "feederId": "f-west",
        "xfmrId": "t-f-west-1",
        "houseId": "h11",
        "capW": 2200
      },
      "geometry": {
        "type": "LineString",
        "coordinates": [
          [
            11.53181304,
            4.79177131,
            5.4
          ],
          [
            11.53188055,
            4.79169539,
            5.4
          ]
        ]
      }
    },
    {
      "type": "Feature",
      "id": "seg-16",
      "properties": {
        "id": "seg-16",
        "kind": "secondary",
        "hang": 1.8,
        "ax": -33.503,
        "az": 4.158,
        "bx": -33.985,
        "bz": 2.732,
        "feederId": "f-west",
        "xfmrId": "t-f-west-1",
        "houseId": "h15",
        "capW": 2200
      },
      "geometry": {
        "type": "LineString",
        "coordinates": [
          [
            11.53170387,
            4.7917912,
            5.4
          ],
          [
            11.53166908,
            4.79189364,
            5.4
          ]
        ]
      }
    },
    {
      "type": "Feature",
      "id": "seg-17",
      "properties": {
        "id": "seg-17",
        "kind": "secondary",
        "hang": 1.8,
        "ax": -31.989,
        "az": 4.435,
        "bx": -33.503,
        "bz": 4.158,
        "feederId": "f-west",
        "xfmrId": "t-f-west-1",
        "houseId": "h15",
        "capW": 2200
      },
      "geometry": {
        "type": "LineString",
        "coordinates": [
          [
            11.53181304,
            4.79177131,
            5.4
          ],
          [
            11.53170387,
            4.7917912,
            5.4
          ]
        ]
      }
    },
    {
      "type": "Feature",
      "id": "seg-18",
      "properties": {
        "id": "seg-18",
        "kind": "secondary",
        "hang": 1.8,
        "ax": -29.449,
        "az": 4.839,
        "bx": -29.748,
        "bz": 3.276,
        "feederId": "f-west",
        "xfmrId": "t-f-west-1",
        "houseId": "h10",
        "capW": 2200
      },
      "geometry": {
        "type": "LineString",
        "coordinates": [
          [
            11.53199619,
            4.79174224,
            5.4
          ],
          [
            11.53197469,
            4.79185459,
            5.4
          ]
        ]
      }
    },
    {
      "type": "Feature",
      "id": "seg-19",
      "properties": {
        "id": "seg-19",
        "kind": "secondary",
        "hang": 1.8,
        "ax": -29.449,
        "az": 4.839,
        "bx": -31.053,
        "bz": 5.491,
        "feederId": "f-west",
        "xfmrId": "t-f-west-1",
        "houseId": "h10",
        "capW": 2200
      },
      "geometry": {
        "type": "LineString",
        "coordinates": [
          [
            11.53199619,
            4.79174224,
            5.4
          ],
          [
            11.53188055,
            4.79169539,
            5.4
          ]
        ]
      }
    },
    {
      "type": "Feature",
      "id": "seg-20",
      "properties": {
        "id": "seg-20",
        "kind": "secondary",
        "hang": 1.8,
        "ax": -32.366,
        "az": 1.506,
        "bx": -30.941,
        "bz": 2.657,
        "feederId": "f-west",
        "xfmrId": "t-f-west-1",
        "houseId": "h17",
        "capW": 2200
      },
      "geometry": {
        "type": "LineString",
        "coordinates": [
          [
            11.53178587,
            4.79198176,
            5.4
          ],
          [
            11.5318886,
            4.79189908,
            5.4
          ]
        ]
      }
    },
    {
      "type": "Feature",
      "id": "seg-21",
      "properties": {
        "id": "seg-21",
        "kind": "secondary",
        "hang": 1.8,
        "ax": -31.585,
        "az": 8.272,
        "bx": -32.705,
        "bz": 5.829,
        "feederId": "f-west",
        "xfmrId": "t-f-west-1",
        "houseId": "h12",
        "capW": 2200
      },
      "geometry": {
        "type": "LineString",
        "coordinates": [
          [
            11.5318422,
            4.79149555,
            5.4
          ],
          [
            11.53176143,
            4.79167113,
            5.4
          ]
        ]
      }
    },
    {
      "type": "Feature",
      "id": "seg-22",
      "properties": {
        "id": "seg-22",
        "kind": "secondary",
        "hang": 1.8,
        "ax": -34.103,
        "az": 8.669,
        "bx": -34.015,
        "bz": 9.84,
        "feederId": "f-west",
        "xfmrId": "t-f-west-2",
        "houseId": "h20",
        "capW": 2200
      },
      "geometry": {
        "type": "LineString",
        "coordinates": [
          [
            11.53166061,
            4.79146698,
            5.4
          ],
          [
            11.53166691,
            4.79138286,
            5.4
          ]
        ]
      }
    },
    {
      "type": "Feature",
      "id": "seg-23",
      "properties": {
        "id": "seg-23",
        "kind": "secondary",
        "hang": 1.8,
        "ax": -35.352,
        "az": 10.512,
        "bx": -36.569,
        "bz": 10.54,
        "feederId": "f-west",
        "xfmrId": "t-f-west-2",
        "houseId": "h22",
        "capW": 2200
      },
      "geometry": {
        "type": "LineString",
        "coordinates": [
          [
            11.5315705,
            4.79133459,
            5.4
          ],
          [
            11.53148275,
            4.79133251,
            5.4
          ]
        ]
      }
    },
    {
      "type": "Feature",
      "id": "seg-24",
      "properties": {
        "id": "seg-24",
        "kind": "secondary",
        "hang": 1.8,
        "ax": -36.569,
        "az": 10.54,
        "bx": -37.531,
        "bz": 9.632,
        "feederId": "f-west",
        "xfmrId": "t-f-west-2",
        "houseId": "h23",
        "capW": 2200
      },
      "geometry": {
        "type": "LineString",
        "coordinates": [
          [
            11.53148275,
            4.79133251,
            5.4
          ],
          [
            11.53141339,
            4.79139777,
            5.4
          ]
        ]
      }
    },
    {
      "type": "Feature",
      "id": "seg-25",
      "properties": {
        "id": "seg-25",
        "kind": "secondary",
        "hang": 1.8,
        "ax": -34.015,
        "az": 9.84,
        "bx": -35.352,
        "bz": 10.512,
        "feederId": "f-west",
        "xfmrId": "t-f-west-2",
        "houseId": "h21",
        "capW": 2200
      },
      "geometry": {
        "type": "LineString",
        "coordinates": [
          [
            11.53166691,
            4.79138286,
            5.4
          ],
          [
            11.5315705,
            4.79133459,
            5.4
          ]
        ]
      }
    },
    {
      "type": "Feature",
      "id": "seg-26",
      "properties": {
        "id": "seg-26",
        "kind": "secondary",
        "hang": 1.8,
        "ax": -35.993,
        "az": 6.841,
        "bx": -34.725,
        "bz": 5.979,
        "feederId": "f-west",
        "xfmrId": "t-f-west-2",
        "houseId": "h27",
        "capW": 2200
      },
      "geometry": {
        "type": "LineString",
        "coordinates": [
          [
            11.53152428,
            4.7915984,
            5.4
          ],
          [
            11.53161572,
            4.79166034,
            5.4
          ]
        ]
      }
    },
    {
      "type": "Feature",
      "id": "seg-27",
      "properties": {
        "id": "seg-27",
        "kind": "secondary",
        "hang": 1.8,
        "ax": -35.68,
        "az": 8.359,
        "bx": -35.993,
        "bz": 6.841,
        "feederId": "f-west",
        "xfmrId": "t-f-west-2",
        "houseId": "h27",
        "capW": 2200
      },
      "geometry": {
        "type": "LineString",
        "coordinates": [
          [
            11.53154687,
            4.79148927,
            5.4
          ],
          [
            11.53152428,
            4.7915984,
            5.4
          ]
        ]
      }
    },
    {
      "type": "Feature",
      "id": "seg-28",
      "properties": {
        "id": "seg-28",
        "kind": "secondary",
        "hang": 1.8,
        "ax": -35.68,
        "az": 8.359,
        "bx": -34.103,
        "bz": 8.669,
        "feederId": "f-west",
        "xfmrId": "t-f-west-2",
        "houseId": "h20",
        "capW": 2200
      },
      "geometry": {
        "type": "LineString",
        "coordinates": [
          [
            11.53154687,
            4.79148927,
            5.4
          ],
          [
            11.53166061,
            4.79146698,
            5.4
          ]
        ]
      }
    },
    {
      "type": "Feature",
      "id": "seg-29",
      "properties": {
        "id": "seg-29",
        "kind": "secondary",
        "hang": 1.8,
        "ax": -37.531,
        "az": 9.632,
        "bx": -38.177,
        "bz": 7.871,
        "feederId": "f-west",
        "xfmrId": "t-f-west-2",
        "houseId": "h24",
        "capW": 2200
      },
      "geometry": {
        "type": "LineString",
        "coordinates": [
          [
            11.53141339,
            4.79139777,
            5.4
          ],
          [
            11.53136682,
            4.79152434,
            5.4
          ]
        ]
      }
    },
    {
      "type": "Feature",
      "id": "seg-30",
      "properties": {
        "id": "seg-30",
        "kind": "secondary",
        "hang": 1.8,
        "ax": -34.103,
        "az": 8.669,
        "bx": -32.945,
        "bz": 7.154,
        "feederId": "f-west",
        "xfmrId": "t-f-west-2",
        "houseId": "h20",
        "capW": 2200
      },
      "geometry": {
        "type": "LineString",
        "coordinates": [
          [
            11.53166061,
            4.79146698,
            5.4
          ],
          [
            11.53174413,
            4.79157585,
            5.4
          ]
        ]
      }
    },
    {
      "type": "Feature",
      "id": "seg-31",
      "properties": {
        "id": "seg-31",
        "kind": "secondary",
        "hang": 1.8,
        "ax": -38.177,
        "az": 7.871,
        "bx": -38.118,
        "bz": 5.739,
        "feederId": "f-west",
        "xfmrId": "t-f-west-2",
        "houseId": "h25",
        "capW": 2200
      },
      "geometry": {
        "type": "LineString",
        "coordinates": [
          [
            11.53136682,
            4.79152434,
            5.4
          ],
          [
            11.53137107,
            4.79167757,
            5.4
          ]
        ]
      }
    },
    {
      "type": "Feature",
      "id": "seg-32",
      "properties": {
        "id": "seg-32",
        "kind": "secondary",
        "hang": 1.8,
        "ax": -38.859,
        "az": 15.022,
        "bx": -39.714,
        "bz": 14.374,
        "feederId": "f-west",
        "xfmrId": "t-f-west-3",
        "houseId": "h33",
        "capW": 2200
      },
      "geometry": {
        "type": "LineString",
        "coordinates": [
          [
            11.53131758,
            4.79101044,
            5.4
          ],
          [
            11.53125592,
            4.79105703,
            5.4
          ]
        ]
      }
    },
    {
      "type": "Feature",
      "id": "seg-33",
      "properties": {
        "id": "seg-33",
        "kind": "secondary",
        "hang": 1.8,
        "ax": -39.714,
        "az": 14.374,
        "bx": -40.769,
        "bz": 13.324,
        "feederId": "f-west",
        "xfmrId": "t-f-west-3",
        "houseId": "h34",
        "capW": 2200
      },
      "geometry": {
        "type": "LineString",
        "coordinates": [
          [
            11.53125592,
            4.79105703,
            5.4
          ],
          [
            11.53117984,
            4.79113246,
            5.4
          ]
        ]
      }
    },
    {
      "type": "Feature",
      "id": "seg-34",
      "properties": {
        "id": "seg-34",
        "kind": "secondary",
        "hang": 1.8,
        "ax": -36.937,
        "az": 14.95,
        "bx": -37.504,
        "bz": 16.374,
        "feederId": "f-west",
        "xfmrId": "t-f-west-3",
        "houseId": "h31",
        "capW": 2200
      },
      "geometry": {
        "type": "LineString",
        "coordinates": [
          [
            11.53145624,
            4.79101563,
            5.4
          ],
          [
            11.53141536,
            4.79091328,
            5.4
          ]
        ]
      }
    },
    {
      "type": "Feature",
      "id": "seg-35",
      "properties": {
        "id": "seg-35",
        "kind": "secondary",
        "hang": 1.8,
        "ax": -38.107,
        "az": 13.638,
        "bx": -38.859,
        "bz": 15.022,
        "feederId": "f-west",
        "xfmrId": "t-f-west-3",
        "houseId": "h33",
        "capW": 2200
      },
      "geometry": {
        "type": "LineString",
        "coordinates": [
          [
            11.53137186,
            4.7911099,
            5.4
          ],
          [
            11.53131758,
            4.79101044,
            5.4
          ]
        ]
      }
    },
    {
      "type": "Feature",
      "id": "seg-36",
      "properties": {
        "id": "seg-36",
        "kind": "secondary",
        "hang": 1.8,
        "ax": -38.397,
        "az": 10.835,
        "bx": -37.163,
        "bz": 11.959,
        "feederId": "f-west",
        "xfmrId": "t-f-west-3",
        "houseId": "h37",
        "capW": 2200
      },
      "geometry": {
        "type": "LineString",
        "coordinates": [
          [
            11.53135094,
            4.79131131,
            5.4
          ],
          [
            11.53143992,
            4.79123059,
            5.4
          ]
        ]
      }
    },
    {
      "type": "Feature",
      "id": "seg-37",
      "properties": {
        "id": "seg-37",
        "kind": "secondary",
        "hang": 1.8,
        "ax": -39.428,
        "az": 12.167,
        "bx": -38.397,
        "bz": 10.835,
        "feederId": "f-west",
        "xfmrId": "t-f-west-3",
        "houseId": "h36",
        "capW": 2200
      },
      "geometry": {
        "type": "LineString",
        "coordinates": [
          [
            11.53127658,
            4.79121565,
            5.4
          ],
          [
            11.53135094,
            4.79131131,
            5.4
          ]
        ]
      }
    },
    {
      "type": "Feature",
      "id": "seg-38",
      "properties": {
        "id": "seg-38",
        "kind": "secondary",
        "hang": 1.8,
        "ax": -35.713,
        "az": 13.771,
        "bx": -36.937,
        "bz": 14.95,
        "feederId": "f-west",
        "xfmrId": "t-f-west-3",
        "houseId": "h30",
        "capW": 2200
      },
      "geometry": {
        "type": "LineString",
        "coordinates": [
          [
            11.53154448,
            4.79110037,
            5.4
          ],
          [
            11.53145624,
            4.79101563,
            5.4
          ]
        ]
      }
    },
    {
      "type": "Feature",
      "id": "seg-39",
      "properties": {
        "id": "seg-39",
        "kind": "secondary",
        "hang": 1.8,
        "ax": -38.107,
        "az": 13.638,
        "bx": -36.937,
        "bz": 14.95,
        "feederId": "f-west",
        "xfmrId": "t-f-west-3",
        "houseId": "h31",
        "capW": 2200
      },
      "geometry": {
        "type": "LineString",
        "coordinates": [
          [
            11.53137186,
            4.7911099,
            5.4
          ],
          [
            11.53145624,
            4.79101563,
            5.4
          ]
        ]
      }
    },
    {
      "type": "Feature",
      "id": "seg-40",
      "properties": {
        "id": "seg-40",
        "kind": "secondary",
        "hang": 1.8,
        "ax": -40.769,
        "az": 13.324,
        "bx": -39.428,
        "bz": 12.167,
        "feederId": "f-west",
        "xfmrId": "t-f-west-3",
        "houseId": "h35",
        "capW": 2200
      },
      "geometry": {
        "type": "LineString",
        "coordinates": [
          [
            11.53117984,
            4.79113246,
            5.4
          ],
          [
            11.53127658,
            4.79121565,
            5.4
          ]
        ]
      }
    },
    {
      "type": "Feature",
      "id": "seg-41",
      "properties": {
        "id": "seg-41",
        "kind": "secondary",
        "hang": 1.8,
        "ax": -35.713,
        "az": 13.771,
        "bx": -34.852,
        "bz": 12.132,
        "feederId": "f-west",
        "xfmrId": "t-f-west-3",
        "houseId": "h30",
        "capW": 2200
      },
      "geometry": {
        "type": "LineString",
        "coordinates": [
          [
            11.53154448,
            4.79110037,
            5.4
          ],
          [
            11.53160656,
            4.79121813,
            5.4
          ]
        ]
      }
    },
    {
      "type": "Feature",
      "id": "seg-42",
      "properties": {
        "id": "seg-42",
        "kind": "secondary",
        "hang": 1.8,
        "ax": -42.771,
        "az": 19.312,
        "bx": -43.37,
        "bz": 18.225,
        "feederId": "f-west",
        "xfmrId": "t-f-west-4",
        "houseId": "h44",
        "capW": 2200
      },
      "geometry": {
        "type": "LineString",
        "coordinates": [
          [
            11.53103548,
            4.79070217,
            5.4
          ],
          [
            11.53099231,
            4.79078023,
            5.4
          ]
        ]
      }
    },
    {
      "type": "Feature",
      "id": "seg-43",
      "properties": {
        "id": "seg-43",
        "kind": "secondary",
        "hang": 1.8,
        "ax": -39.748,
        "az": 16.158,
        "bx": -39.033,
        "bz": 17.201,
        "feederId": "f-west",
        "xfmrId": "t-f-west-4",
        "houseId": "h48",
        "capW": 2200
      },
      "geometry": {
        "type": "LineString",
        "coordinates": [
          [
            11.53125353,
            4.79092883,
            5.4
          ],
          [
            11.53130508,
            4.79085384,
            5.4
          ]
        ]
      }
    },
    {
      "type": "Feature",
      "id": "seg-44",
      "properties": {
        "id": "seg-44",
        "kind": "secondary",
        "hang": 1.8,
        "ax": -43.37,
        "az": 18.225,
        "bx": -42.706,
        "bz": 17.102,
        "feederId": "f-west",
        "xfmrId": "t-f-west-4",
        "houseId": "h45",
        "capW": 2200
      },
      "geometry": {
        "type": "LineString",
        "coordinates": [
          [
            11.53099231,
            4.79078023,
            5.4
          ],
          [
            11.53104019,
            4.79086095,
            5.4
          ]
        ]
      }
    },
    {
      "type": "Feature",
      "id": "seg-45",
      "properties": {
        "id": "seg-45",
        "kind": "secondary",
        "hang": 1.8,
        "ax": -40.65,
        "az": 20.54,
        "bx": -41.97,
        "bz": 20.585,
        "feederId": "f-west",
        "xfmrId": "t-f-west-4",
        "houseId": "h42",
        "capW": 2200
      },
      "geometry": {
        "type": "LineString",
        "coordinates": [
          [
            11.53118846,
            4.79061392,
            5.4
          ],
          [
            11.53109326,
            4.79061064,
            5.4
          ]
        ]
      }
    },
    {
      "type": "Feature",
      "id": "seg-46",
      "properties": {
        "id": "seg-46",
        "kind": "secondary",
        "hang": 1.8,
        "ax": -39.823,
        "az": 19.412,
        "bx": -40.65,
        "bz": 20.54,
        "feederId": "f-west",
        "xfmrId": "t-f-west-4",
        "houseId": "h41",
        "capW": 2200
      },
      "geometry": {
        "type": "LineString",
        "coordinates": [
          [
            11.53124809,
            4.79069499,
            5.4
          ],
          [
            11.53118846,
            4.79061392,
            5.4
          ]
        ]
      }
    },
    {
      "type": "Feature",
      "id": "seg-47",
      "properties": {
        "id": "seg-47",
        "kind": "secondary",
        "hang": 1.8,
        "ax": -38.537,
        "az": 18.598,
        "bx": -39.033,
        "bz": 17.201,
        "feederId": "f-west",
        "xfmrId": "t-f-west-4",
        "houseId": "h40",
        "capW": 2200
      },
      "geometry": {
        "type": "LineString",
        "coordinates": [
          [
            11.53134081,
            4.79075348,
            5.4
          ],
          [
            11.53130508,
            4.79085384,
            5.4
          ]
        ]
      }
    },
    {
      "type": "Feature",
      "id": "seg-48",
      "properties": {
        "id": "seg-48",
        "kind": "secondary",
        "hang": 1.8,
        "ax": -41.97,
        "az": 20.585,
        "bx": -42.771,
        "bz": 19.312,
        "feederId": "f-west",
        "xfmrId": "t-f-west-4",
        "houseId": "h43",
        "capW": 2200
      },
      "geometry": {
        "type": "LineString",
        "coordinates": [
          [
            11.53109326,
            4.79061064,
            5.4
          ],
          [
            11.53103548,
            4.79070217,
            5.4
          ]
        ]
      }
    },
    {
      "type": "Feature",
      "id": "seg-49",
      "properties": {
        "id": "seg-49",
        "kind": "secondary",
        "hang": 1.8,
        "ax": -42.706,
        "az": 17.102,
        "bx": -41.305,
        "bz": 16.52,
        "feederId": "f-west",
        "xfmrId": "t-f-west-4",
        "houseId": "h46",
        "capW": 2200
      },
      "geometry": {
        "type": "LineString",
        "coordinates": [
          [
            11.53104019,
            4.79086095,
            5.4
          ],
          [
            11.5311412,
            4.7909028,
            5.4
          ]
        ]
      }
    },
    {
      "type": "Feature",
      "id": "seg-50",
      "properties": {
        "id": "seg-50",
        "kind": "secondary",
        "hang": 1.8,
        "ax": -38.537,
        "az": 18.598,
        "bx": -39.823,
        "bz": 19.412,
        "feederId": "f-west",
        "xfmrId": "t-f-west-4",
        "houseId": "h40",
        "capW": 2200
      },
      "geometry": {
        "type": "LineString",
        "coordinates": [
          [
            11.53134081,
            4.79075348,
            5.4
          ],
          [
            11.53124809,
            4.79069499,
            5.4
          ]
        ]
      }
    },
    {
      "type": "Feature",
      "id": "seg-51",
      "properties": {
        "id": "seg-51",
        "kind": "secondary",
        "hang": 1.8,
        "ax": -41.048,
        "az": 18.366,
        "bx": -39.823,
        "bz": 19.412,
        "feederId": "f-west",
        "xfmrId": "t-f-west-4",
        "houseId": "h41",
        "capW": 2200
      },
      "geometry": {
        "type": "LineString",
        "coordinates": [
          [
            11.53115975,
            4.79077014,
            5.4
          ],
          [
            11.53124809,
            4.79069499,
            5.4
          ]
        ]
      }
    },
    {
      "type": "Feature",
      "id": "seg-52",
      "properties": {
        "id": "seg-52",
        "kind": "secondary",
        "hang": 1.8,
        "ax": -44.005,
        "az": 21.372,
        "bx": -43.557,
        "bz": 20.299,
        "feederId": "f-west",
        "xfmrId": "t-f-west-5",
        "houseId": "h50",
        "capW": 2200
      },
      "geometry": {
        "type": "LineString",
        "coordinates": [
          [
            11.53094648,
            4.7905541,
            5.4
          ],
          [
            11.53097883,
            4.79063119,
            5.4
          ]
        ]
      }
    },
    {
      "type": "Feature",
      "id": "seg-53",
      "properties": {
        "id": "seg-53",
        "kind": "secondary",
        "hang": 1.8,
        "ax": -47.17,
        "az": 19.817,
        "bx": -45.9,
        "bz": 19.445,
        "feederId": "f-west",
        "xfmrId": "t-f-west-5",
        "houseId": "h56",
        "capW": 2200
      },
      "geometry": {
        "type": "LineString",
        "coordinates": [
          [
            11.53071823,
            4.79066585,
            5.4
          ],
          [
            11.53080986,
            4.79069257,
            5.4
          ]
        ]
      }
    },
    {
      "type": "Feature",
      "id": "seg-54",
      "properties": {
        "id": "seg-54",
        "kind": "secondary",
        "hang": 1.8,
        "ax": -47.776,
        "az": 22.401,
        "bx": -48.494,
        "bz": 21.228,
        "feederId": "f-west",
        "xfmrId": "t-f-west-5",
        "houseId": "h54",
        "capW": 2200
      },
      "geometry": {
        "type": "LineString",
        "coordinates": [
          [
            11.53067457,
            4.79048012,
            5.4
          ],
          [
            11.53062278,
            4.79056448,
            5.4
          ]
        ]
      }
    },
    {
      "type": "Feature",
      "id": "seg-55",
      "properties": {
        "id": "seg-55",
        "kind": "secondary",
        "hang": 1.8,
        "ax": -44.493,
        "az": 19.248,
        "bx": -43.557,
        "bz": 20.299,
        "feederId": "f-west",
        "xfmrId": "t-f-west-5",
        "houseId": "h58",
        "capW": 2200
      },
      "geometry": {
        "type": "LineString",
        "coordinates": [
          [
            11.53091127,
            4.79070675,
            5.4
          ],
          [
            11.53097883,
            4.79063119,
            5.4
          ]
        ]
      }
    },
    {
      "type": "Feature",
      "id": "seg-56",
      "properties": {
        "id": "seg-56",
        "kind": "secondary",
        "hang": 1.8,
        "ax": -46.646,
        "az": 23.25,
        "bx": -47.776,
        "bz": 22.401,
        "feederId": "f-west",
        "xfmrId": "t-f-west-5",
        "houseId": "h53",
        "capW": 2200
      },
      "geometry": {
        "type": "LineString",
        "coordinates": [
          [
            11.53075607,
            4.79041915,
            5.4
          ],
          [
            11.53067457,
            4.79048012,
            5.4
          ]
        ]
      }
    },
    {
      "type": "Feature",
      "id": "seg-57",
      "properties": {
        "id": "seg-57",
        "kind": "secondary",
        "hang": 1.8,
        "ax": -45.9,
        "az": 19.445,
        "bx": -44.493,
        "bz": 19.248,
        "feederId": "f-west",
        "xfmrId": "t-f-west-5",
        "houseId": "h57",
        "capW": 2200
      },
      "geometry": {
        "type": "LineString",
        "coordinates": [
          [
            11.53080986,
            4.79069257,
            5.4
          ],
          [
            11.53091127,
            4.79070675,
            5.4
          ]
        ]
      }
    },
    {
      "type": "Feature",
      "id": "seg-58",
      "properties": {
        "id": "seg-58",
        "kind": "secondary",
        "hang": 1.8,
        "ax": -45.217,
        "az": 23.822,
        "bx": -46.646,
        "bz": 23.25,
        "feederId": "f-west",
        "xfmrId": "t-f-west-5",
        "houseId": "h52",
        "capW": 2200
      },
      "geometry": {
        "type": "LineString",
        "coordinates": [
          [
            11.53085912,
            4.79037802,
            5.4
          ],
          [
            11.53075607,
            4.79041915,
            5.4
          ]
        ]
      }
    },
    {
      "type": "Feature",
      "id": "seg-59",
      "properties": {
        "id": "seg-59",
        "kind": "secondary",
        "hang": 1.8,
        "ax": -45.674,
        "az": 21.289,
        "bx": -44.005,
        "bz": 21.372,
        "feederId": "f-west",
        "xfmrId": "t-f-west-5",
        "houseId": "h50",
        "capW": 2200
      },
      "geometry": {
        "type": "LineString",
        "coordinates": [
          [
            11.53082616,
            4.79056009,
            5.4
          ],
          [
            11.53094648,
            4.7905541,
            5.4
          ]
        ]
      }
    },
    {
      "type": "Feature",
      "id": "seg-60",
      "properties": {
        "id": "seg-60",
        "kind": "secondary",
        "hang": 1.8,
        "ax": -44.005,
        "az": 21.372,
        "bx": -43.627,
        "bz": 23.013,
        "feederId": "f-west",
        "xfmrId": "t-f-west-5",
        "houseId": "h50",
        "capW": 2200
      },
      "geometry": {
        "type": "LineString",
        "coordinates": [
          [
            11.53094648,
            4.7905541,
            5.4
          ],
          [
            11.53097374,
            4.79043619,
            5.4
          ]
        ]
      }
    },
    {
      "type": "Feature",
      "id": "seg-61",
      "properties": {
        "id": "seg-61",
        "kind": "secondary",
        "hang": 1.8,
        "ax": -43.627,
        "az": 23.013,
        "bx": -45.217,
        "bz": 23.822,
        "feederId": "f-west",
        "xfmrId": "t-f-west-5",
        "houseId": "h51",
        "capW": 2200
      },
      "geometry": {
        "type": "LineString",
        "coordinates": [
          [
            11.53097374,
            4.79043619,
            5.4
          ],
          [
            11.53085912,
            4.79037802,
            5.4
          ]
        ]
      }
    },
    {
      "type": "Feature",
      "id": "seg-62",
      "properties": {
        "id": "seg-62",
        "kind": "primary",
        "hang": 2.8,
        "ax": -24,
        "az": -0.4,
        "bx": -26.751,
        "bz": 2.168,
        "feederId": "f-west",
        "xfmrId": null,
        "capW": 10800
      },
      "geometry": {
        "type": "LineString",
        "coordinates": [
          [
            11.53238919,
            4.79211875,
            8.4
          ],
          [
            11.53219079,
            4.79193422,
            8.4
          ]
        ]
      }
    },
    {
      "type": "Feature",
      "id": "seg-63",
      "properties": {
        "id": "seg-63",
        "kind": "primary",
        "hang": 2.8,
        "ax": -26.751,
        "az": 2.168,
        "bx": -31.989,
        "bz": 4.435,
        "feederId": "f-west",
        "xfmrId": null,
        "capW": 10800
      },
      "geometry": {
        "type": "LineString",
        "coordinates": [
          [
            11.53219079,
            4.79193422,
            8.4
          ],
          [
            11.53181304,
            4.79177131,
            8.4
          ]
        ]
      }
    },
    {
      "type": "Feature",
      "id": "seg-64",
      "properties": {
        "id": "seg-64",
        "kind": "primary",
        "hang": 2.8,
        "ax": -31.989,
        "az": 4.435,
        "bx": -35.68,
        "bz": 8.359,
        "feederId": "f-west",
        "xfmrId": null,
        "capW": 10800
      },
      "geometry": {
        "type": "LineString",
        "coordinates": [
          [
            11.53181304,
            4.79177131,
            8.4
          ],
          [
            11.53154687,
            4.79148927,
            8.4
          ]
        ]
      }
    },
    {
      "type": "Feature",
      "id": "seg-65",
      "properties": {
        "id": "seg-65",
        "kind": "primary",
        "hang": 2.8,
        "ax": -35.68,
        "az": 8.359,
        "bx": -38.107,
        "bz": 13.638,
        "feederId": "f-west",
        "xfmrId": null,
        "capW": 10800
      },
      "geometry": {
        "type": "LineString",
        "coordinates": [
          [
            11.53154687,
            4.79148927,
            8.4
          ],
          [
            11.53137186,
            4.7911099,
            8.4
          ]
        ]
      }
    },
    {
      "type": "Feature",
      "id": "seg-66",
      "properties": {
        "id": "seg-66",
        "kind": "primary",
        "hang": 2.8,
        "ax": -38.107,
        "az": 13.638,
        "bx": -41.048,
        "bz": 18.366,
        "feederId": "f-west",
        "xfmrId": null,
        "capW": 10800
      },
      "geometry": {
        "type": "LineString",
        "coordinates": [
          [
            11.53137186,
            4.7911099,
            8.4
          ],
          [
            11.53115975,
            4.79077014,
            8.4
          ]
        ]
      }
    },
    {
      "type": "Feature",
      "id": "seg-67",
      "properties": {
        "id": "seg-67",
        "kind": "primary",
        "hang": 2.8,
        "ax": -41.048,
        "az": 18.366,
        "bx": -45.674,
        "bz": 21.289,
        "feederId": "f-west",
        "xfmrId": null,
        "capW": 10800
      },
      "geometry": {
        "type": "LineString",
        "coordinates": [
          [
            11.53115975,
            4.79077014,
            8.4
          ],
          [
            11.53082616,
            4.79056009,
            8.4
          ]
        ]
      }
    },
    {
      "type": "Feature",
      "id": "seg-68",
      "properties": {
        "id": "seg-68",
        "kind": "trunk",
        "hang": 2.8,
        "ax": -18,
        "az": -6,
        "bx": -15.4,
        "bz": -4.2,
        "feederId": "f-market",
        "xfmrId": null,
        "capW": 8000
      },
      "geometry": {
        "type": "LineString",
        "coordinates": [
          [
            11.53282189,
            4.79252119,
            8.4
          ],
          [
            11.5330094,
            4.79239183,
            8.4
          ]
        ]
      }
    },
    {
      "type": "Feature",
      "id": "seg-69",
      "properties": {
        "id": "seg-69",
        "kind": "secondary",
        "hang": 1.8,
        "ax": -10.529,
        "az": -1.853,
        "bx": -10.905,
        "bz": -2.863,
        "feederId": "f-market",
        "xfmrId": "t-f-market-0",
        "houseId": "h60",
        "capW": 2200
      },
      "geometry": {
        "type": "LineString",
        "coordinates": [
          [
            11.53336066,
            4.79222316,
            5.4
          ],
          [
            11.53333357,
            4.79229575,
            5.4
          ]
        ]
      }
    },
    {
      "type": "Feature",
      "id": "seg-70",
      "properties": {
        "id": "seg-70",
        "kind": "secondary",
        "hang": 1.8,
        "ax": -11.715,
        "az": -3.611,
        "bx": -10.905,
        "bz": -2.863,
        "feederId": "f-market",
        "xfmrId": "t-f-market-0",
        "houseId": "h68",
        "capW": 2200
      },
      "geometry": {
        "type": "LineString",
        "coordinates": [
          [
            11.53327513,
            4.79234947,
            5.4
          ],
          [
            11.53333357,
            4.79229575,
            5.4
          ]
        ]
      }
    },
    {
      "type": "Feature",
      "id": "seg-71",
      "properties": {
        "id": "seg-71",
        "kind": "secondary",
        "hang": 1.8,
        "ax": -10.751,
        "az": -0.413,
        "bx": -11.86,
        "bz": 0.24,
        "feederId": "f-market",
        "xfmrId": "t-f-market-0",
        "houseId": "h61",
        "capW": 2200
      },
      "geometry": {
        "type": "LineString",
        "coordinates": [
          [
            11.53334465,
            4.7921197,
            5.4
          ],
          [
            11.53326468,
            4.79207277,
            5.4
          ]
        ]
      }
    },
    {
      "type": "Feature",
      "id": "seg-72",
      "properties": {
        "id": "seg-72",
        "kind": "secondary",
        "hang": 1.8,
        "ax": -12.758,
        "az": -4.449,
        "bx": -11.715,
        "bz": -3.611,
        "feederId": "f-market",
        "xfmrId": "t-f-market-0",
        "houseId": "h67",
        "capW": 2200
      },
      "geometry": {
        "type": "LineString",
        "coordinates": [
          [
            11.53319995,
            4.79240974,
            5.4
          ],
          [
            11.53327513,
            4.79234947,
            5.4
          ]
        ]
      }
    },
    {
      "type": "Feature",
      "id": "seg-73",
      "properties": {
        "id": "seg-73",
        "kind": "secondary",
        "hang": 1.8,
        "ax": -13.358,
        "az": 0.016,
        "bx": -14.509,
        "bz": -0.735,
        "feederId": "f-market",
        "xfmrId": "t-f-market-0",
        "houseId": "h63",
        "capW": 2200
      },
      "geometry": {
        "type": "LineString",
        "coordinates": [
          [
            11.53315668,
            4.79208882,
            5.4
          ],
          [
            11.53307362,
            4.79214281,
            5.4
          ]
        ]
      }
    },
    {
      "type": "Feature",
      "id": "seg-74",
      "properties": {
        "id": "seg-74",
        "kind": "secondary",
        "hang": 1.8,
        "ax": -10.529,
        "az": -1.853,
        "bx": -10.751,
        "bz": -0.413,
        "feederId": "f-market",
        "xfmrId": "t-f-market-0",
        "houseId": "h60",
        "capW": 2200
      },
      "geometry": {
        "type": "LineString",
        "coordinates": [
          [
            11.53336066,
            4.79222316,
            5.4
          ],
          [
            11.53334465,
            4.7921197,
            5.4
          ]
        ]
      }
    },
    {
      "type": "Feature",
      "id": "seg-75",
      "properties": {
        "id": "seg-75",
        "kind": "secondary",
        "hang": 1.8,
        "ax": -11.86,
        "az": 0.24,
        "bx": -13.358,
        "bz": 0.016,
        "feederId": "f-market",
        "xfmrId": "t-f-market-0",
        "houseId": "h62",
        "capW": 2200
      },
      "geometry": {
        "type": "LineString",
        "coordinates": [
          [
            11.53326468,
            4.79207277,
            5.4
          ],
          [
            11.53315668,
            4.79208882,
            5.4
          ]
        ]
      }
    },
    {
      "type": "Feature",
      "id": "seg-76",
      "properties": {
        "id": "seg-76",
        "kind": "secondary",
        "hang": 1.8,
        "ax": -14.509,
        "az": -0.735,
        "bx": -14.495,
        "bz": -2.269,
        "feederId": "f-market",
        "xfmrId": "t-f-market-0",
        "houseId": "h64",
        "capW": 2200
      },
      "geometry": {
        "type": "LineString",
        "coordinates": [
          [
            11.53307362,
            4.79214281,
            5.4
          ],
          [
            11.53307469,
            4.79225309,
            5.4
          ]
        ]
      }
    },
    {
      "type": "Feature",
      "id": "seg-77",
      "properties": {
        "id": "seg-77",
        "kind": "secondary",
        "hang": 1.8,
        "ax": -12.367,
        "az": -2.1,
        "bx": -11.715,
        "bz": -3.611,
        "feederId": "f-market",
        "xfmrId": "t-f-market-0",
        "houseId": "h68",
        "capW": 2200
      },
      "geometry": {
        "type": "LineString",
        "coordinates": [
          [
            11.53322816,
            4.79224091,
            5.4
          ],
          [
            11.53327513,
            4.79234947,
            5.4
          ]
        ]
      }
    },
    {
      "type": "Feature",
      "id": "seg-78",
      "properties": {
        "id": "seg-78",
        "kind": "secondary",
        "hang": 1.8,
        "ax": -14.495,
        "az": -2.269,
        "bx": -14.597,
        "bz": -4.033,
        "feederId": "f-market",
        "xfmrId": "t-f-market-0",
        "houseId": "h65",
        "capW": 2200
      },
      "geometry": {
        "type": "LineString",
        "coordinates": [
          [
            11.53307469,
            4.79225309,
            5.4
          ],
          [
            11.53306734,
            4.79237982,
            5.4
          ]
        ]
      }
    },
    {
      "type": "Feature",
      "id": "seg-79",
      "properties": {
        "id": "seg-79",
        "kind": "secondary",
        "hang": 1.8,
        "ax": -8.856,
        "az": 3.911,
        "bx": -9.872,
        "bz": 4.31,
        "feederId": "f-market",
        "xfmrId": "t-f-market-1",
        "houseId": "h72",
        "capW": 2200
      },
      "geometry": {
        "type": "LineString",
        "coordinates": [
          [
            11.53348137,
            4.79180896,
            5.4
          ],
          [
            11.53340805,
            4.79178023,
            5.4
          ]
        ]
      }
    },
    {
      "type": "Feature",
      "id": "seg-80",
      "properties": {
        "id": "seg-80",
        "kind": "secondary",
        "hang": 1.8,
        "ax": -11.268,
        "az": 2.161,
        "bx": -10.359,
        "bz": 1.541,
        "feederId": "f-market",
        "xfmrId": "t-f-market-1",
        "houseId": "h75",
        "capW": 2200
      },
      "geometry": {
        "type": "LineString",
        "coordinates": [
          [
            11.53330739,
            4.79193472,
            5.4
          ],
          [
            11.53337292,
            4.79197923,
            5.4
          ]
        ]
      }
    },
    {
      "type": "Feature",
      "id": "seg-81",
      "properties": {
        "id": "seg-81",
        "kind": "secondary",
        "hang": 1.8,
        "ax": -10.359,
        "az": 1.541,
        "bx": -9.561,
        "bz": 0.67,
        "feederId": "f-market",
        "xfmrId": "t-f-market-1",
        "houseId": "h76",
        "capW": 2200
      },
      "geometry": {
        "type": "LineString",
        "coordinates": [
          [
            11.53337292,
            4.79197923,
            5.4
          ],
          [
            11.53343051,
            4.79204188,
            5.4
          ]
        ]
      }
    },
    {
      "type": "Feature",
      "id": "seg-82",
      "properties": {
        "id": "seg-82",
        "kind": "secondary",
        "hang": 1.8,
        "ax": -9.872,
        "az": 4.31,
        "bx": -10.443,
        "bz": 3.217,
        "feederId": "f-market",
        "xfmrId": "t-f-market-1",
        "houseId": "h73",
        "capW": 2200
      },
      "geometry": {
        "type": "LineString",
        "coordinates": [
          [
            11.53340805,
            4.79178023,
            5.4
          ],
          [
            11.53336689,
            4.79185881,
            5.4
          ]
        ]
      }
    },
    {
      "type": "Feature",
      "id": "seg-83",
      "properties": {
        "id": "seg-83",
        "kind": "secondary",
        "hang": 1.8,
        "ax": -9.561,
        "az": 0.67,
        "bx": -8.333,
        "bz": 0.931,
        "feederId": "f-market",
        "xfmrId": "t-f-market-1",
        "houseId": "h77",
        "capW": 2200
      },
      "geometry": {
        "type": "LineString",
        "coordinates": [
          [
            11.53343051,
            4.79204188,
            5.4
          ],
          [
            11.53351906,
            4.79202309,
            5.4
          ]
        ]
      }
    },
    {
      "type": "Feature",
      "id": "seg-84",
      "properties": {
        "id": "seg-84",
        "kind": "secondary",
        "hang": 1.8,
        "ax": -10.443,
        "az": 3.217,
        "bx": -11.268,
        "bz": 2.161,
        "feederId": "f-market",
        "xfmrId": "t-f-market-1",
        "houseId": "h74",
        "capW": 2200
      },
      "geometry": {
        "type": "LineString",
        "coordinates": [
          [
            11.53336689,
            4.79185881,
            5.4
          ],
          [
            11.53330739,
            4.79193472,
            5.4
          ]
        ]
      }
    },
    {
      "type": "Feature",
      "id": "seg-85",
      "properties": {
        "id": "seg-85",
        "kind": "secondary",
        "hang": 1.8,
        "ax": -9.124,
        "az": 2.476,
        "bx": -8.856,
        "bz": 3.911,
        "feederId": "f-market",
        "xfmrId": "t-f-market-1",
        "houseId": "h72",
        "capW": 2200
      },
      "geometry": {
        "type": "LineString",
        "coordinates": [
          [
            11.53346199,
            4.79191206,
            5.4
          ],
          [
            11.53348137,
            4.79180896,
            5.4
          ]
        ]
      }
    },
    {
      "type": "Feature",
      "id": "seg-86",
      "properties": {
        "id": "seg-86",
        "kind": "secondary",
        "hang": 1.8,
        "ax": -7.225,
        "az": 2.497,
        "bx": -6.583,
        "bz": 1.179,
        "feederId": "f-market",
        "xfmrId": "t-f-market-1",
        "houseId": "h70",
        "capW": 2200
      },
      "geometry": {
        "type": "LineString",
        "coordinates": [
          [
            11.53359899,
            4.79191057,
            5.4
          ],
          [
            11.53364528,
            4.7920053,
            5.4
          ]
        ]
      }
    },
    {
      "type": "Feature",
      "id": "seg-87",
      "properties": {
        "id": "seg-87",
        "kind": "secondary",
        "hang": 1.8,
        "ax": -7.301,
        "az": 4.093,
        "bx": -8.856,
        "bz": 3.911,
        "feederId": "f-market",
        "xfmrId": "t-f-market-1",
        "houseId": "h71",
        "capW": 2200
      },
      "geometry": {
        "type": "LineString",
        "coordinates": [
          [
            11.53359349,
            4.79179584,
            5.4
          ],
          [
            11.53348137,
            4.79180896,
            5.4
          ]
        ]
      }
    },
    {
      "type": "Feature",
      "id": "seg-88",
      "properties": {
        "id": "seg-88",
        "kind": "secondary",
        "hang": 1.8,
        "ax": -7.225,
        "az": 2.497,
        "bx": -7.301,
        "bz": 4.093,
        "feederId": "f-market",
        "xfmrId": "t-f-market-1",
        "houseId": "h70",
        "capW": 2200
      },
      "geometry": {
        "type": "LineString",
        "coordinates": [
          [
            11.53359899,
            4.79191057,
            5.4
          ],
          [
            11.53359349,
            4.79179584,
            5.4
          ]
        ]
      }
    },
    {
      "type": "Feature",
      "id": "seg-89",
      "properties": {
        "id": "seg-89",
        "kind": "secondary",
        "hang": 1.8,
        "ax": -6.153,
        "az": 6.093,
        "bx": -6.411,
        "bz": 5.005,
        "feederId": "f-market",
        "xfmrId": "t-f-market-2",
        "houseId": "h84",
        "capW": 2200
      },
      "geometry": {
        "type": "LineString",
        "coordinates": [
          [
            11.53367624,
            4.79165214,
            5.4
          ],
          [
            11.53365768,
            4.79173032,
            5.4
          ]
        ]
      }
    },
    {
      "type": "Feature",
      "id": "seg-90",
      "properties": {
        "id": "seg-90",
        "kind": "secondary",
        "hang": 1.8,
        "ax": -3.179,
        "az": 5.238,
        "bx": -2.614,
        "bz": 4.272,
        "feederId": "f-market",
        "xfmrId": "t-f-market-2",
        "houseId": "h80",
        "capW": 2200
      },
      "geometry": {
        "type": "LineString",
        "coordinates": [
          [
            11.53389073,
            4.79171356,
            5.4
          ],
          [
            11.53393145,
            4.79178299,
            5.4
          ]
        ]
      }
    },
    {
      "type": "Feature",
      "id": "seg-91",
      "properties": {
        "id": "seg-91",
        "kind": "secondary",
        "hang": 1.8,
        "ax": -5.528,
        "az": 7.056,
        "bx": -6.153,
        "bz": 6.093,
        "feederId": "f-market",
        "xfmrId": "t-f-market-2",
        "houseId": "h83",
        "capW": 2200
      },
      "geometry": {
        "type": "LineString",
        "coordinates": [
          [
            11.53372134,
            4.79158289,
            5.4
          ],
          [
            11.53367624,
            4.79165214,
            5.4
          ]
        ]
      }
    },
    {
      "type": "Feature",
      "id": "seg-92",
      "properties": {
        "id": "seg-92",
        "kind": "secondary",
        "hang": 1.8,
        "ax": -6.411,
        "az": 5.005,
        "bx": -6.001,
        "bz": 3.727,
        "feederId": "f-market",
        "xfmrId": "t-f-market-2",
        "houseId": "h85",
        "capW": 2200
      },
      "geometry": {
        "type": "LineString",
        "coordinates": [
          [
            11.53365768,
            4.79173032,
            5.4
          ],
          [
            11.5336872,
            4.79182214,
            5.4
          ]
        ]
      }
    },
    {
      "type": "Feature",
      "id": "seg-93",
      "properties": {
        "id": "seg-93",
        "kind": "secondary",
        "hang": 1.8,
        "ax": -4.26,
        "az": 6.574,
        "bx": -5.528,
        "bz": 7.056,
        "feederId": "f-market",
        "xfmrId": "t-f-market-2",
        "houseId": "h82",
        "capW": 2200
      },
      "geometry": {
        "type": "LineString",
        "coordinates": [
          [
            11.53381276,
            4.79161755,
            5.4
          ],
          [
            11.53372134,
            4.79158289,
            5.4
          ]
        ]
      }
    },
    {
      "type": "Feature",
      "id": "seg-94",
      "properties": {
        "id": "seg-94",
        "kind": "secondary",
        "hang": 1.8,
        "ax": -5.017,
        "az": 2.732,
        "bx": -4.103,
        "bz": 3.766,
        "feederId": "f-market",
        "xfmrId": "t-f-market-2",
        "houseId": "h87",
        "capW": 2200
      },
      "geometry": {
        "type": "LineString",
        "coordinates": [
          [
            11.53375816,
            4.79189368,
            5.4
          ],
          [
            11.53382411,
            4.79181937,
            5.4
          ]
        ]
      }
    },
    {
      "type": "Feature",
      "id": "seg-95",
      "properties": {
        "id": "seg-95",
        "kind": "secondary",
        "hang": 1.8,
        "ax": -6.001,
        "az": 3.727,
        "bx": -5.017,
        "bz": 2.732,
        "feederId": "f-market",
        "xfmrId": "t-f-market-2",
        "houseId": "h86",
        "capW": 2200
      },
      "geometry": {
        "type": "LineString",
        "coordinates": [
          [
            11.5336872,
            4.79182214,
            5.4
          ],
          [
            11.53375816,
            4.79189368,
            5.4
          ]
        ]
      }
    },
    {
      "type": "Feature",
      "id": "seg-96",
      "properties": {
        "id": "seg-96",
        "kind": "secondary",
        "hang": 1.8,
        "ax": -3.179,
        "az": 5.238,
        "bx": -2.731,
        "bz": 6.573,
        "feederId": "f-market",
        "xfmrId": "t-f-market-2",
        "houseId": "h80",
        "capW": 2200
      },
      "geometry": {
        "type": "LineString",
        "coordinates": [
          [
            11.53389073,
            4.79171356,
            5.4
          ],
          [
            11.53392303,
            4.79161762,
            5.4
          ]
        ]
      }
    },
    {
      "type": "Feature",
      "id": "seg-97",
      "properties": {
        "id": "seg-97",
        "kind": "secondary",
        "hang": 1.8,
        "ax": -4.591,
        "az": 5.188,
        "bx": -3.179,
        "bz": 5.238,
        "feederId": "f-market",
        "xfmrId": "t-f-market-2",
        "houseId": "h80",
        "capW": 2200
      },
      "geometry": {
        "type": "LineString",
        "coordinates": [
          [
            11.5337889,
            4.79171718,
            5.4
          ],
          [
            11.53389073,
            4.79171356,
            5.4
          ]
        ]
      }
    },
    {
      "type": "Feature",
      "id": "seg-98",
      "properties": {
        "id": "seg-98",
        "kind": "secondary",
        "hang": 1.8,
        "ax": -4.591,
        "az": 5.188,
        "bx": -4.26,
        "bz": 6.574,
        "feederId": "f-market",
        "xfmrId": "t-f-market-2",
        "houseId": "h82",
        "capW": 2200
      },
      "geometry": {
        "type": "LineString",
        "coordinates": [
          [
            11.5337889,
            4.79171718,
            5.4
          ],
          [
            11.53381276,
            4.79161755,
            5.4
          ]
        ]
      }
    },
    {
      "type": "Feature",
      "id": "seg-99",
      "properties": {
        "id": "seg-99",
        "kind": "secondary",
        "hang": 1.8,
        "ax": -0.233,
        "az": 5.07,
        "bx": 0.79,
        "bz": 4.754,
        "feederId": "f-market",
        "xfmrId": "t-f-market-3",
        "houseId": "h96",
        "capW": 2200
      },
      "geometry": {
        "type": "LineString",
        "coordinates": [
          [
            11.53410321,
            4.79172568,
            5.4
          ],
          [
            11.53417694,
            4.79174834,
            5.4
          ]
        ]
      }
    },
    {
      "type": "Feature",
      "id": "seg-100",
      "properties": {
        "id": "seg-100",
        "kind": "secondary",
        "hang": 1.8,
        "ax": 2.1,
        "az": 4.254,
        "bx": 2.75,
        "bz": 5.273,
        "feederId": "f-market",
        "xfmrId": "t-f-market-3",
        "houseId": "h98",
        "capW": 2200
      },
      "geometry": {
        "type": "LineString",
        "coordinates": [
          [
            11.53427142,
            4.79178431,
            5.4
          ],
          [
            11.53431835,
            4.79171109,
            5.4
          ]
        ]
      }
    },
    {
      "type": "Feature",
      "id": "seg-101",
      "properties": {
        "id": "seg-101",
        "kind": "secondary",
        "hang": 1.8,
        "ax": -1.184,
        "az": 6.085,
        "bx": -0.233,
        "bz": 5.07,
        "feederId": "f-market",
        "xfmrId": "t-f-market-3",
        "houseId": "h95",
        "capW": 2200
      },
      "geometry": {
        "type": "LineString",
        "coordinates": [
          [
            11.53403464,
            4.79165273,
            5.4
          ],
          [
            11.53410321,
            4.79172568,
            5.4
          ]
        ]
      }
    },
    {
      "type": "Feature",
      "id": "seg-102",
      "properties": {
        "id": "seg-102",
        "kind": "secondary",
        "hang": 1.8,
        "ax": -0.635,
        "az": 7.363,
        "bx": -1.184,
        "bz": 6.085,
        "feederId": "f-market",
        "xfmrId": "t-f-market-3",
        "houseId": "h94",
        "capW": 2200
      },
      "geometry": {
        "type": "LineString",
        "coordinates": [
          [
            11.53407418,
            4.79156087,
            5.4
          ],
          [
            11.53403464,
            4.79165273,
            5.4
          ]
        ]
      }
    },
    {
      "type": "Feature",
      "id": "seg-103",
      "properties": {
        "id": "seg-103",
        "kind": "secondary",
        "hang": 1.8,
        "ax": 0.79,
        "az": 4.754,
        "bx": 2.1,
        "bz": 4.254,
        "feederId": "f-market",
        "xfmrId": "t-f-market-3",
        "houseId": "h97",
        "capW": 2200
      },
      "geometry": {
        "type": "LineString",
        "coordinates": [
          [
            11.53417694,
            4.79174834,
            5.4
          ],
          [
            11.53427142,
            4.79178431,
            5.4
          ]
        ]
      }
    },
    {
      "type": "Feature",
      "id": "seg-104",
      "properties": {
        "id": "seg-104",
        "kind": "secondary",
        "hang": 1.8,
        "ax": 1.578,
        "az": 8.888,
        "bx": 0.143,
        "bz": 8.821,
        "feederId": "f-market",
        "xfmrId": "t-f-market-3",
        "houseId": "h92",
        "capW": 2200
      },
      "geometry": {
        "type": "LineString",
        "coordinates": [
          [
            11.53423382,
            4.79145125,
            5.4
          ],
          [
            11.53413031,
            4.79145608,
            5.4
          ]
        ]
      }
    },
    {
      "type": "Feature",
      "id": "seg-105",
      "properties": {
        "id": "seg-105",
        "kind": "secondary",
        "hang": 1.8,
        "ax": 3.041,
        "az": 8.611,
        "bx": 1.578,
        "bz": 8.888,
        "feederId": "f-market",
        "xfmrId": "t-f-market-3",
        "houseId": "h91",
        "capW": 2200
      },
      "geometry": {
        "type": "LineString",
        "coordinates": [
          [
            11.53433928,
            4.79147116,
            5.4
          ],
          [
            11.53423382,
            4.79145125,
            5.4
          ]
        ]
      }
    },
    {
      "type": "Feature",
      "id": "seg-106",
      "properties": {
        "id": "seg-106",
        "kind": "secondary",
        "hang": 1.8,
        "ax": 3.118,
        "az": 6.777,
        "bx": 2.75,
        "bz": 5.273,
        "feederId": "f-market",
        "xfmrId": "t-f-market-3",
        "houseId": "h90",
        "capW": 2200
      },
      "geometry": {
        "type": "LineString",
        "coordinates": [
          [
            11.53434484,
            4.79160295,
            5.4
          ],
          [
            11.53431835,
            4.79171109,
            5.4
          ]
        ]
      }
    },
    {
      "type": "Feature",
      "id": "seg-107",
      "properties": {
        "id": "seg-107",
        "kind": "secondary",
        "hang": 1.8,
        "ax": 0.997,
        "az": 6.376,
        "bx": 0.79,
        "bz": 4.754,
        "feederId": "f-market",
        "xfmrId": "t-f-market-3",
        "houseId": "h97",
        "capW": 2200
      },
      "geometry": {
        "type": "LineString",
        "coordinates": [
          [
            11.53419187,
            4.79163178,
            5.4
          ],
          [
            11.53417694,
            4.79174834,
            5.4
          ]
        ]
      }
    },
    {
      "type": "Feature",
      "id": "seg-108",
      "properties": {
        "id": "seg-108",
        "kind": "secondary",
        "hang": 1.8,
        "ax": 0.143,
        "az": 8.821,
        "bx": -0.635,
        "bz": 7.363,
        "feederId": "f-market",
        "xfmrId": "t-f-market-3",
        "houseId": "h93",
        "capW": 2200
      },
      "geometry": {
        "type": "LineString",
        "coordinates": [
          [
            11.53413031,
            4.79145608,
            5.4
          ],
          [
            11.53407418,
            4.79156087,
            5.4
          ]
        ]
      }
    },
    {
      "type": "Feature",
      "id": "seg-109",
      "properties": {
        "id": "seg-109",
        "kind": "primary",
        "hang": 2.8,
        "ax": -15.4,
        "az": -4.2,
        "bx": -12.367,
        "bz": -2.1,
        "feederId": "f-market",
        "xfmrId": null,
        "capW": 7200
      },
      "geometry": {
        "type": "LineString",
        "coordinates": [
          [
            11.5330094,
            4.79239183,
            8.4
          ],
          [
            11.53322816,
            4.79224091,
            8.4
          ]
        ]
      }
    },
    {
      "type": "Feature",
      "id": "seg-110",
      "properties": {
        "id": "seg-110",
        "kind": "primary",
        "hang": 2.8,
        "ax": -12.367,
        "az": -2.1,
        "bx": -9.124,
        "bz": 2.476,
        "feederId": "f-market",
        "xfmrId": null,
        "capW": 7200
      },
      "geometry": {
        "type": "LineString",
        "coordinates": [
          [
            11.53322816,
            4.79224091,
            8.4
          ],
          [
            11.53346199,
            4.79191206,
            8.4
          ]
        ]
      }
    },
    {
      "type": "Feature",
      "id": "seg-111",
      "properties": {
        "id": "seg-111",
        "kind": "primary",
        "hang": 2.8,
        "ax": -9.124,
        "az": 2.476,
        "bx": -4.591,
        "bz": 5.188,
        "feederId": "f-market",
        "xfmrId": null,
        "capW": 7200
      },
      "geometry": {
        "type": "LineString",
        "coordinates": [
          [
            11.53346199,
            4.79191206,
            8.4
          ],
          [
            11.5337889,
            4.79171718,
            8.4
          ]
        ]
      }
    },
    {
      "type": "Feature",
      "id": "seg-112",
      "properties": {
        "id": "seg-112",
        "kind": "primary",
        "hang": 2.8,
        "ax": -4.591,
        "az": 5.188,
        "bx": 0.997,
        "bz": 6.376,
        "feederId": "f-market",
        "xfmrId": null,
        "capW": 7200
      },
      "geometry": {
        "type": "LineString",
        "coordinates": [
          [
            11.5337889,
            4.79171718,
            8.4
          ],
          [
            11.53419187,
            4.79163178,
            8.4
          ]
        ]
      }
    },
    {
      "type": "Feature",
      "id": "seg-113",
      "properties": {
        "id": "seg-113",
        "kind": "trunk",
        "hang": 2.8,
        "ax": -18,
        "az": -6,
        "bx": -11.2,
        "bz": -5,
        "feederId": "f-clinic",
        "xfmrId": null,
        "capW": 8000
      },
      "geometry": {
        "type": "LineString",
        "coordinates": [
          [
            11.53282189,
            4.79252119,
            8.4
          ],
          [
            11.53331229,
            4.79244932,
            8.4
          ]
        ]
      }
    },
    {
      "type": "Feature",
      "id": "seg-114",
      "properties": {
        "id": "seg-114",
        "kind": "secondary",
        "hang": 1.8,
        "ax": -6.282,
        "az": -3.116,
        "bx": -7.299,
        "bz": -2.608,
        "feederId": "f-clinic",
        "xfmrId": "t-f-clinic-0",
        "houseId": "h101",
        "capW": 2200
      },
      "geometry": {
        "type": "LineString",
        "coordinates": [
          [
            11.53366695,
            4.79231396,
            5.4
          ],
          [
            11.53359363,
            4.7922774,
            5.4
          ]
        ]
      }
    },
    {
      "type": "Feature",
      "id": "seg-115",
      "properties": {
        "id": "seg-115",
        "kind": "secondary",
        "hang": 1.8,
        "ax": -7.299,
        "az": -2.608,
        "bx": -8.516,
        "bz": -2.537,
        "feederId": "f-clinic",
        "xfmrId": "t-f-clinic-0",
        "houseId": "h102",
        "capW": 2200
      },
      "geometry": {
        "type": "LineString",
        "coordinates": [
          [
            11.53359363,
            4.7922774,
            5.4
          ],
          [
            11.53350583,
            4.79227229,
            5.4
          ]
        ]
      }
    },
    {
      "type": "Feature",
      "id": "seg-116",
      "properties": {
        "id": "seg-116",
        "kind": "secondary",
        "hang": 1.8,
        "ax": -9.295,
        "az": -3.629,
        "bx": -9.702,
        "bz": -4.787,
        "feederId": "f-clinic",
        "xfmrId": "t-f-clinic-0",
        "houseId": "h104",
        "capW": 2200
      },
      "geometry": {
        "type": "LineString",
        "coordinates": [
          [
            11.5334497,
            4.79235082,
            5.4
          ],
          [
            11.53342032,
            4.79243403,
            5.4
          ]
        ]
      }
    },
    {
      "type": "Feature",
      "id": "seg-117",
      "properties": {
        "id": "seg-117",
        "kind": "secondary",
        "hang": 1.8,
        "ax": -9.702,
        "az": -4.787,
        "bx": -8.732,
        "bz": -5.563,
        "feederId": "f-clinic",
        "xfmrId": "t-f-clinic-0",
        "houseId": "h105",
        "capW": 2200
      },
      "geometry": {
        "type": "LineString",
        "coordinates": [
          [
            11.53342032,
            4.79243403,
            5.4
          ],
          [
            11.53349026,
            4.79248981,
            5.4
          ]
        ]
      }
    },
    {
      "type": "Feature",
      "id": "seg-118",
      "properties": {
        "id": "seg-118",
        "kind": "secondary",
        "hang": 1.8,
        "ax": -6.353,
        "az": -4.473,
        "bx": -5.59,
        "bz": -5.569,
        "feederId": "f-clinic",
        "xfmrId": "t-f-clinic-0",
        "houseId": "h100",
        "capW": 2200
      },
      "geometry": {
        "type": "LineString",
        "coordinates": [
          [
            11.53366186,
            4.79241145,
            5.4
          ],
          [
            11.53371685,
            4.79249023,
            5.4
          ]
        ]
      }
    },
    {
      "type": "Feature",
      "id": "seg-119",
      "properties": {
        "id": "seg-119",
        "kind": "secondary",
        "hang": 1.8,
        "ax": -8.516,
        "az": -2.537,
        "bx": -9.295,
        "bz": -3.629,
        "feederId": "f-clinic",
        "xfmrId": "t-f-clinic-0",
        "houseId": "h103",
        "capW": 2200
      },
      "geometry": {
        "type": "LineString",
        "coordinates": [
          [
            11.53350583,
            4.79227229,
            5.4
          ],
          [
            11.5334497,
            4.79235082,
            5.4
          ]
        ]
      }
    },
    {
      "type": "Feature",
      "id": "seg-120",
      "properties": {
        "id": "seg-120",
        "kind": "secondary",
        "hang": 1.8,
        "ax": -6.353,
        "az": -4.473,
        "bx": -6.282,
        "bz": -3.116,
        "feederId": "f-clinic",
        "xfmrId": "t-f-clinic-0",
        "houseId": "h100",
        "capW": 2200
      },
      "geometry": {
        "type": "LineString",
        "coordinates": [
          [
            11.53366186,
            4.79241145,
            5.4
          ],
          [
            11.53366695,
            4.79231396,
            5.4
          ]
        ]
      }
    },
    {
      "type": "Feature",
      "id": "seg-121",
      "properties": {
        "id": "seg-121",
        "kind": "secondary",
        "hang": 1.8,
        "ax": -8.07,
        "az": -7.453,
        "bx": -6.997,
        "bz": -6.56,
        "feederId": "f-clinic",
        "xfmrId": "t-f-clinic-0",
        "houseId": "h107",
        "capW": 2200
      },
      "geometry": {
        "type": "LineString",
        "coordinates": [
          [
            11.53353802,
            4.79262561,
            5.4
          ],
          [
            11.53361538,
            4.79256143,
            5.4
          ]
        ]
      }
    },
    {
      "type": "Feature",
      "id": "seg-122",
      "properties": {
        "id": "seg-122",
        "kind": "secondary",
        "hang": 1.8,
        "ax": -7.753,
        "az": -4.493,
        "bx": -6.353,
        "bz": -4.473,
        "feederId": "f-clinic",
        "xfmrId": "t-f-clinic-0",
        "houseId": "h100",
        "capW": 2200
      },
      "geometry": {
        "type": "LineString",
        "coordinates": [
          [
            11.5335609,
            4.79241289,
            5.4
          ],
          [
            11.53366186,
            4.79241145,
            5.4
          ]
        ]
      }
    },
    {
      "type": "Feature",
      "id": "seg-123",
      "properties": {
        "id": "seg-123",
        "kind": "secondary",
        "hang": 1.8,
        "ax": -6.997,
        "az": -6.56,
        "bx": -5.59,
        "bz": -5.569,
        "feederId": "f-clinic",
        "xfmrId": "t-f-clinic-0",
        "houseId": "h108",
        "capW": 2200
      },
      "geometry": {
        "type": "LineString",
        "coordinates": [
          [
            11.53361538,
            4.79256143,
            5.4
          ],
          [
            11.53371685,
            4.79249023,
            5.4
          ]
        ]
      }
    },
    {
      "type": "Feature",
      "id": "seg-124",
      "properties": {
        "id": "seg-124",
        "kind": "secondary",
        "hang": 1.8,
        "ax": -1.486,
        "az": -1.667,
        "bx": -2.01,
        "bz": -0.739,
        "feederId": "f-clinic",
        "xfmrId": "t-f-clinic-1",
        "houseId": "h110",
        "capW": 2200
      },
      "geometry": {
        "type": "LineString",
        "coordinates": [
          [
            11.53401282,
            4.7922098,
            5.4
          ],
          [
            11.53397503,
            4.7921431,
            5.4
          ]
        ]
      }
    },
    {
      "type": "Feature",
      "id": "seg-125",
      "properties": {
        "id": "seg-125",
        "kind": "secondary",
        "hang": 1.8,
        "ax": -2.791,
        "az": 0.667,
        "bx": -3.716,
        "bz": -0.108,
        "feederId": "f-clinic",
        "xfmrId": "t-f-clinic-1",
        "houseId": "h112",
        "capW": 2200
      },
      "geometry": {
        "type": "LineString",
        "coordinates": [
          [
            11.53391874,
            4.7920421,
            5.4
          ],
          [
            11.53385204,
            4.79209774,
            5.4
          ]
        ]
      }
    },
    {
      "type": "Feature",
      "id": "seg-126",
      "properties": {
        "id": "seg-126",
        "kind": "secondary",
        "hang": 1.8,
        "ax": -4.462,
        "az": -2.967,
        "bx": -3.3,
        "bz": -3.513,
        "feederId": "f-clinic",
        "xfmrId": "t-f-clinic-1",
        "houseId": "h116",
        "capW": 2200
      },
      "geometry": {
        "type": "LineString",
        "coordinates": [
          [
            11.53379821,
            4.79230324,
            5.4
          ],
          [
            11.53388198,
            4.79234244,
            5.4
          ]
        ]
      }
    },
    {
      "type": "Feature",
      "id": "seg-127",
      "properties": {
        "id": "seg-127",
        "kind": "secondary",
        "hang": 1.8,
        "ax": -3.716,
        "az": -0.108,
        "bx": -4.527,
        "bz": -1.171,
        "feederId": "f-clinic",
        "xfmrId": "t-f-clinic-1",
        "houseId": "h113",
        "capW": 2200
      },
      "geometry": {
        "type": "LineString",
        "coordinates": [
          [
            11.53385204,
            4.79209774,
            5.4
          ],
          [
            11.53379353,
            4.79217413,
            5.4
          ]
        ]
      }
    },
    {
      "type": "Feature",
      "id": "seg-128",
      "properties": {
        "id": "seg-128",
        "kind": "secondary",
        "hang": 1.8,
        "ax": -4.527,
        "az": -1.171,
        "bx": -5.521,
        "bz": -2.07,
        "feederId": "f-clinic",
        "xfmrId": "t-f-clinic-1",
        "houseId": "h114",
        "capW": 2200
      },
      "geometry": {
        "type": "LineString",
        "coordinates": [
          [
            11.53379353,
            4.79217413,
            5.4
          ],
          [
            11.53372183,
            4.79223875,
            5.4
          ]
        ]
      }
    },
    {
      "type": "Feature",
      "id": "seg-129",
      "properties": {
        "id": "seg-129",
        "kind": "secondary",
        "hang": 1.8,
        "ax": -5.521,
        "az": -2.07,
        "bx": -4.462,
        "bz": -2.967,
        "feederId": "f-clinic",
        "xfmrId": "t-f-clinic-1",
        "houseId": "h115",
        "capW": 2200
      },
      "geometry": {
        "type": "LineString",
        "coordinates": [
          [
            11.53372183,
            4.79223875,
            5.4
          ],
          [
            11.53379821,
            4.79230324,
            5.4
          ]
        ]
      }
    },
    {
      "type": "Feature",
      "id": "seg-130",
      "properties": {
        "id": "seg-130",
        "kind": "secondary",
        "hang": 1.8,
        "ax": -1.486,
        "az": -1.667,
        "bx": -1.068,
        "bz": -3.096,
        "feederId": "f-clinic",
        "xfmrId": "t-f-clinic-1",
        "houseId": "h110",
        "capW": 2200
      },
      "geometry": {
        "type": "LineString",
        "coordinates": [
          [
            11.53401282,
            4.7922098,
            5.4
          ],
          [
            11.53404298,
            4.79231246,
            5.4
          ]
        ]
      }
    },
    {
      "type": "Feature",
      "id": "seg-131",
      "properties": {
        "id": "seg-131",
        "kind": "secondary",
        "hang": 1.8,
        "ax": -1.859,
        "az": -4.449,
        "bx": -1.068,
        "bz": -3.096,
        "feederId": "f-clinic",
        "xfmrId": "t-f-clinic-1",
        "houseId": "h118",
        "capW": 2200
      },
      "geometry": {
        "type": "LineString",
        "coordinates": [
          [
            11.53398594,
            4.79240976,
            5.4
          ],
          [
            11.53404298,
            4.79231246,
            5.4
          ]
        ]
      }
    },
    {
      "type": "Feature",
      "id": "seg-132",
      "properties": {
        "id": "seg-132",
        "kind": "secondary",
        "hang": 1.8,
        "ax": -3.107,
        "az": -1.872,
        "bx": -2.01,
        "bz": -0.739,
        "feederId": "f-clinic",
        "xfmrId": "t-f-clinic-1",
        "houseId": "h111",
        "capW": 2200
      },
      "geometry": {
        "type": "LineString",
        "coordinates": [
          [
            11.53389595,
            4.79222456,
            5.4
          ],
          [
            11.53397503,
            4.7921431,
            5.4
          ]
        ]
      }
    },
    {
      "type": "Feature",
      "id": "seg-133",
      "properties": {
        "id": "seg-133",
        "kind": "secondary",
        "hang": 1.8,
        "ax": -3.107,
        "az": -1.872,
        "bx": -4.527,
        "bz": -1.171,
        "feederId": "f-clinic",
        "xfmrId": "t-f-clinic-1",
        "houseId": "h114",
        "capW": 2200
      },
      "geometry": {
        "type": "LineString",
        "coordinates": [
          [
            11.53389595,
            4.79222456,
            5.4
          ],
          [
            11.53379353,
            4.79217413,
            5.4
          ]
        ]
      }
    },
    {
      "type": "Feature",
      "id": "seg-134",
      "properties": {
        "id": "seg-134",
        "kind": "primary",
        "hang": 2.8,
        "ax": -11.2,
        "az": -5,
        "bx": -7.753,
        "bz": -4.493,
        "feederId": "f-clinic",
        "xfmrId": null,
        "capW": 3600
      },
      "geometry": {
        "type": "LineString",
        "coordinates": [
          [
            11.53331229,
            4.79244932,
            8.4
          ],
          [
            11.5335609,
            4.79241289,
            8.4
          ]
        ]
      }
    },
    {
      "type": "Feature",
      "id": "seg-135",
      "properties": {
        "id": "seg-135",
        "kind": "primary",
        "hang": 2.8,
        "ax": -7.753,
        "az": -4.493,
        "bx": -3.107,
        "bz": -1.872,
        "feederId": "f-clinic",
        "xfmrId": null,
        "capW": 3600
      },
      "geometry": {
        "type": "LineString",
        "coordinates": [
          [
            11.5335609,
            4.79241289,
            8.4
          ],
          [
            11.53389595,
            4.79222456,
            8.4
          ]
        ]
      }
    },
    {
      "type": "Feature",
      "id": "seg-136",
      "properties": {
        "id": "seg-136",
        "kind": "trunk",
        "hang": 2.8,
        "ax": -18,
        "az": -6,
        "bx": -12.4,
        "bz": 5.6,
        "feederId": "f-south",
        "xfmrId": null,
        "capW": 8000
      },
      "geometry": {
        "type": "LineString",
        "coordinates": [
          [
            11.53282189,
            4.79252119,
            8.4
          ],
          [
            11.53322575,
            4.79168756,
            8.4
          ]
        ]
      }
    },
    {
      "type": "Feature",
      "id": "seg-137",
      "properties": {
        "id": "seg-137",
        "kind": "secondary",
        "hang": 1.8,
        "ax": -10.016,
        "az": 7.236,
        "bx": -9.119,
        "bz": 7.897,
        "feederId": "f-south",
        "xfmrId": "t-f-south-0",
        "houseId": "h128",
        "capW": 2200
      },
      "geometry": {
        "type": "LineString",
        "coordinates": [
          [
            11.53339768,
            4.79157,
            5.4
          ],
          [
            11.53346235,
            4.79152248,
            5.4
          ]
        ]
      }
    },
    {
      "type": "Feature",
      "id": "seg-138",
      "properties": {
        "id": "seg-138",
        "kind": "secondary",
        "hang": 1.8,
        "ax": -13.072,
        "az": 8.654,
        "bx": -12.19,
        "bz": 7.829,
        "feederId": "f-south",
        "xfmrId": "t-f-south-0",
        "houseId": "h125",
        "capW": 2200
      },
      "geometry": {
        "type": "LineString",
        "coordinates": [
          [
            11.53317728,
            4.79146812,
            5.4
          ],
          [
            11.53324092,
            4.79152735,
            5.4
          ]
        ]
      }
    },
    {
      "type": "Feature",
      "id": "seg-139",
      "properties": {
        "id": "seg-139",
        "kind": "secondary",
        "hang": 1.8,
        "ax": -9.343,
        "az": 10.165,
        "bx": -10.187,
        "bz": 11.126,
        "feederId": "f-south",
        "xfmrId": "t-f-south-0",
        "houseId": "h121",
        "capW": 2200
      },
      "geometry": {
        "type": "LineString",
        "coordinates": [
          [
            11.53344623,
            4.79135952,
            5.4
          ],
          [
            11.53338534,
            4.7912904,
            5.4
          ]
        ]
      }
    },
    {
      "type": "Feature",
      "id": "seg-140",
      "properties": {
        "id": "seg-140",
        "kind": "secondary",
        "hang": 1.8,
        "ax": -12.136,
        "az": 9.717,
        "bx": -13.072,
        "bz": 8.654,
        "feederId": "f-south",
        "xfmrId": "t-f-south-0",
        "houseId": "h124",
        "capW": 2200
      },
      "geometry": {
        "type": "LineString",
        "coordinates": [
          [
            11.53324477,
            4.79139166,
            5.4
          ],
          [
            11.53317728,
            4.79146812,
            5.4
          ]
        ]
      }
    },
    {
      "type": "Feature",
      "id": "seg-141",
      "properties": {
        "id": "seg-141",
        "kind": "secondary",
        "hang": 1.8,
        "ax": -10.796,
        "az": 8.923,
        "bx": -12.136,
        "bz": 9.717,
        "feederId": "f-south",
        "xfmrId": "t-f-south-0",
        "houseId": "h124",
        "capW": 2200
      },
      "geometry": {
        "type": "LineString",
        "coordinates": [
          [
            11.53334142,
            4.79144879,
            5.4
          ],
          [
            11.53324477,
            4.79139166,
            5.4
          ]
        ]
      }
    },
    {
      "type": "Feature",
      "id": "seg-142",
      "properties": {
        "id": "seg-142",
        "kind": "secondary",
        "hang": 1.8,
        "ax": -10.187,
        "az": 11.126,
        "bx": -11.914,
        "bz": 11.764,
        "feederId": "f-south",
        "xfmrId": "t-f-south-0",
        "houseId": "h122",
        "capW": 2200
      },
      "geometry": {
        "type": "LineString",
        "coordinates": [
          [
            11.53338534,
            4.7912904,
            5.4
          ],
          [
            11.53326081,
            4.79124459,
            5.4
          ]
        ]
      }
    },
    {
      "type": "Feature",
      "id": "seg-143",
      "properties": {
        "id": "seg-143",
        "kind": "secondary",
        "hang": 1.8,
        "ax": -7.759,
        "az": 9.224,
        "bx": -9.343,
        "bz": 10.165,
        "feederId": "f-south",
        "xfmrId": "t-f-south-0",
        "houseId": "h120",
        "capW": 2200
      },
      "geometry": {
        "type": "LineString",
        "coordinates": [
          [
            11.53356043,
            4.7914271,
            5.4
          ],
          [
            11.53344623,
            4.79135952,
            5.4
          ]
        ]
      }
    },
    {
      "type": "Feature",
      "id": "seg-144",
      "properties": {
        "id": "seg-144",
        "kind": "secondary",
        "hang": 1.8,
        "ax": -10.796,
        "az": 8.923,
        "bx": -10.016,
        "bz": 7.236,
        "feederId": "f-south",
        "xfmrId": "t-f-south-0",
        "houseId": "h128",
        "capW": 2200
      },
      "geometry": {
        "type": "LineString",
        "coordinates": [
          [
            11.53334142,
            4.79144879,
            5.4
          ],
          [
            11.53339768,
            4.79157,
            5.4
          ]
        ]
      }
    },
    {
      "type": "Feature",
      "id": "seg-145",
      "properties": {
        "id": "seg-145",
        "kind": "secondary",
        "hang": 1.8,
        "ax": -7.759,
        "az": 9.224,
        "bx": -9.119,
        "bz": 7.897,
        "feederId": "f-south",
        "xfmrId": "t-f-south-0",
        "houseId": "h120",
        "capW": 2200
      },
      "geometry": {
        "type": "LineString",
        "coordinates": [
          [
            11.53356043,
            4.7914271,
            5.4
          ],
          [
            11.53346235,
            4.79152248,
            5.4
          ]
        ]
      }
    },
    {
      "type": "Feature",
      "id": "seg-146",
      "properties": {
        "id": "seg-146",
        "kind": "secondary",
        "hang": 1.8,
        "ax": -11.456,
        "az": 5.869,
        "bx": -10.016,
        "bz": 7.236,
        "feederId": "f-south",
        "xfmrId": "t-f-south-0",
        "houseId": "h127",
        "capW": 2200
      },
      "geometry": {
        "type": "LineString",
        "coordinates": [
          [
            11.5332938,
            4.79166823,
            5.4
          ],
          [
            11.53339768,
            4.79157,
            5.4
          ]
        ]
      }
    },
    {
      "type": "Feature",
      "id": "seg-147",
      "properties": {
        "id": "seg-147",
        "kind": "secondary",
        "hang": 1.8,
        "ax": -11.454,
        "az": 13.404,
        "bx": -10.58,
        "bz": 12.643,
        "feederId": "f-south",
        "xfmrId": "t-f-south-1",
        "houseId": "h136",
        "capW": 2200
      },
      "geometry": {
        "type": "LineString",
        "coordinates": [
          [
            11.53329398,
            4.79112674,
            5.4
          ],
          [
            11.53335704,
            4.79118138,
            5.4
          ]
        ]
      }
    },
    {
      "type": "Feature",
      "id": "seg-148",
      "properties": {
        "id": "seg-148",
        "kind": "secondary",
        "hang": 1.8,
        "ax": -11.251,
        "az": 16.401,
        "bx": -11.596,
        "bz": 15.202,
        "feederId": "f-south",
        "xfmrId": "t-f-south-1",
        "houseId": "h133",
        "capW": 2200
      },
      "geometry": {
        "type": "LineString",
        "coordinates": [
          [
            11.53330859,
            4.79091136,
            5.4
          ],
          [
            11.53328372,
            4.79099753,
            5.4
          ]
        ]
      }
    },
    {
      "type": "Feature",
      "id": "seg-149",
      "properties": {
        "id": "seg-149",
        "kind": "secondary",
        "hang": 1.8,
        "ax": -9.226,
        "az": 12.316,
        "bx": -8.424,
        "bz": 13.355,
        "feederId": "f-south",
        "xfmrId": "t-f-south-1",
        "houseId": "h138",
        "capW": 2200
      },
      "geometry": {
        "type": "LineString",
        "coordinates": [
          [
            11.53345468,
            4.79120488,
            5.4
          ],
          [
            11.53351245,
            4.79113022,
            5.4
          ]
        ]
      }
    },
    {
      "type": "Feature",
      "id": "seg-150",
      "properties": {
        "id": "seg-150",
        "kind": "secondary",
        "hang": 1.8,
        "ax": -10.58,
        "az": 12.643,
        "bx": -9.226,
        "bz": 12.316,
        "feederId": "f-south",
        "xfmrId": "t-f-south-1",
        "houseId": "h137",
        "capW": 2200
      },
      "geometry": {
        "type": "LineString",
        "coordinates": [
          [
            11.53335704,
            4.79118138,
            5.4
          ],
          [
            11.53345468,
            4.79120488,
            5.4
          ]
        ]
      }
    },
    {
      "type": "Feature",
      "id": "seg-151",
      "properties": {
        "id": "seg-151",
        "kind": "secondary",
        "hang": 1.8,
        "ax": -9.884,
        "az": 16.728,
        "bx": -11.251,
        "bz": 16.401,
        "feederId": "f-south",
        "xfmrId": "t-f-south-1",
        "houseId": "h132",
        "capW": 2200
      },
      "geometry": {
        "type": "LineString",
        "coordinates": [
          [
            11.53340722,
            4.79088786,
            5.4
          ],
          [
            11.53330859,
            4.79091136,
            5.4
          ]
        ]
      }
    },
    {
      "type": "Feature",
      "id": "seg-152",
      "properties": {
        "id": "seg-152",
        "kind": "secondary",
        "hang": 1.8,
        "ax": -8.417,
        "az": 14.872,
        "bx": -8.424,
        "bz": 13.355,
        "feederId": "f-south",
        "xfmrId": "t-f-south-1",
        "houseId": "h130",
        "capW": 2200
      },
      "geometry": {
        "type": "LineString",
        "coordinates": [
          [
            11.53351303,
            4.7910212,
            5.4
          ],
          [
            11.53351245,
            4.79113022,
            5.4
          ]
        ]
      }
    },
    {
      "type": "Feature",
      "id": "seg-153",
      "properties": {
        "id": "seg-153",
        "kind": "secondary",
        "hang": 1.8,
        "ax": -10.231,
        "az": 14.502,
        "bx": -11.596,
        "bz": 15.202,
        "feederId": "f-south",
        "xfmrId": "t-f-south-1",
        "houseId": "h134",
        "capW": 2200
      },
      "geometry": {
        "type": "LineString",
        "coordinates": [
          [
            11.53338218,
            4.7910478,
            5.4
          ],
          [
            11.53328372,
            4.79099753,
            5.4
          ]
        ]
      }
    },
    {
      "type": "Feature",
      "id": "seg-154",
      "properties": {
        "id": "seg-154",
        "kind": "secondary",
        "hang": 1.8,
        "ax": -11.596,
        "az": 15.202,
        "bx": -12.799,
        "bz": 14.245,
        "feederId": "f-south",
        "xfmrId": "t-f-south-1",
        "houseId": "h134",
        "capW": 2200
      },
      "geometry": {
        "type": "LineString",
        "coordinates": [
          [
            11.53328372,
            4.79099753,
            5.4
          ],
          [
            11.53319698,
            4.79106626,
            5.4
          ]
        ]
      }
    },
    {
      "type": "Feature",
      "id": "seg-155",
      "properties": {
        "id": "seg-155",
        "kind": "secondary",
        "hang": 1.8,
        "ax": -12.799,
        "az": 14.245,
        "bx": -11.454,
        "bz": 13.404,
        "feederId": "f-south",
        "xfmrId": "t-f-south-1",
        "houseId": "h135",
        "capW": 2200
      },
      "geometry": {
        "type": "LineString",
        "coordinates": [
          [
            11.53319698,
            4.79106626,
            5.4
          ],
          [
            11.53329398,
            4.79112674,
            5.4
          ]
        ]
      }
    },
    {
      "type": "Feature",
      "id": "seg-156",
      "properties": {
        "id": "seg-156",
        "kind": "secondary",
        "hang": 1.8,
        "ax": -8.417,
        "az": 14.872,
        "bx": -7.891,
        "bz": 16.513,
        "feederId": "f-south",
        "xfmrId": "t-f-south-1",
        "houseId": "h130",
        "capW": 2200
      },
      "geometry": {
        "type": "LineString",
        "coordinates": [
          [
            11.53351303,
            4.7910212,
            5.4
          ],
          [
            11.53355091,
            4.7909033,
            5.4
          ]
        ]
      }
    },
    {
      "type": "Feature",
      "id": "seg-157",
      "properties": {
        "id": "seg-157",
        "kind": "secondary",
        "hang": 1.8,
        "ax": -6.168,
        "az": 20.16,
        "bx": -7.147,
        "bz": 20.609,
        "feederId": "f-south",
        "xfmrId": "t-f-south-2",
        "houseId": "h141",
        "capW": 2200
      },
      "geometry": {
        "type": "LineString",
        "coordinates": [
          [
            11.53367518,
            4.79064121,
            5.4
          ],
          [
            11.53360459,
            4.79060891,
            5.4
          ]
        ]
      }
    },
    {
      "type": "Feature",
      "id": "seg-158",
      "properties": {
        "id": "seg-158",
        "kind": "secondary",
        "hang": 1.8,
        "ax": -8.935,
        "az": 17.95,
        "bx": -7.818,
        "bz": 17.712,
        "feederId": "f-south",
        "xfmrId": "t-f-south-2",
        "houseId": "h146",
        "capW": 2200
      },
      "geometry": {
        "type": "LineString",
        "coordinates": [
          [
            11.53347561,
            4.79080002,
            5.4
          ],
          [
            11.53355615,
            4.79081716,
            5.4
          ]
        ]
      }
    },
    {
      "type": "Feature",
      "id": "seg-159",
      "properties": {
        "id": "seg-159",
        "kind": "secondary",
        "hang": 1.8,
        "ax": -7.818,
        "az": 17.712,
        "bx": -6.654,
        "bz": 17.307,
        "feederId": "f-south",
        "xfmrId": "t-f-south-2",
        "houseId": "h147",
        "capW": 2200
      },
      "geometry": {
        "type": "LineString",
        "coordinates": [
          [
            11.53355615,
            4.79081716,
            5.4
          ],
          [
            11.53364015,
            4.79084623,
            5.4
          ]
        ]
      }
    },
    {
      "type": "Feature",
      "id": "seg-160",
      "properties": {
        "id": "seg-160",
        "kind": "secondary",
        "hang": 1.8,
        "ax": -6.654,
        "az": 17.307,
        "bx": -5.448,
        "bz": 17.712,
        "feederId": "f-south",
        "xfmrId": "t-f-south-2",
        "houseId": "h148",
        "capW": 2200
      },
      "geometry": {
        "type": "LineString",
        "coordinates": [
          [
            11.53364015,
            4.79084623,
            5.4
          ],
          [
            11.53372712,
            4.79081714,
            5.4
          ]
        ]
      }
    },
    {
      "type": "Feature",
      "id": "seg-161",
      "properties": {
        "id": "seg-161",
        "kind": "secondary",
        "hang": 1.8,
        "ax": -8.527,
        "az": 21.181,
        "bx": -8.752,
        "bz": 19.87,
        "feederId": "f-south",
        "xfmrId": "t-f-south-2",
        "houseId": "h143",
        "capW": 2200
      },
      "geometry": {
        "type": "LineString",
        "coordinates": [
          [
            11.53350504,
            4.79056785,
            5.4
          ],
          [
            11.53348882,
            4.79066205,
            5.4
          ]
        ]
      }
    },
    {
      "type": "Feature",
      "id": "seg-162",
      "properties": {
        "id": "seg-162",
        "kind": "secondary",
        "hang": 1.8,
        "ax": -7.624,
        "az": 19.096,
        "bx": -8.752,
        "bz": 19.87,
        "feederId": "f-south",
        "xfmrId": "t-f-south-2",
        "houseId": "h144",
        "capW": 2200
      },
      "geometry": {
        "type": "LineString",
        "coordinates": [
          [
            11.53357022,
            4.79071765,
            5.4
          ],
          [
            11.53348882,
            4.79066205,
            5.4
          ]
        ]
      }
    },
    {
      "type": "Feature",
      "id": "seg-163",
      "properties": {
        "id": "seg-163",
        "kind": "secondary",
        "hang": 1.8,
        "ax": -7.624,
        "az": 19.096,
        "bx": -7.818,
        "bz": 17.712,
        "feederId": "f-south",
        "xfmrId": "t-f-south-2",
        "houseId": "h147",
        "capW": 2200
      },
      "geometry": {
        "type": "LineString",
        "coordinates": [
          [
            11.53357022,
            4.79071765,
            5.4
          ],
          [
            11.53355615,
            4.79081716,
            5.4
          ]
        ]
      }
    },
    {
      "type": "Feature",
      "id": "seg-164",
      "properties": {
        "id": "seg-164",
        "kind": "secondary",
        "hang": 1.8,
        "ax": -7.147,
        "az": 20.609,
        "bx": -8.527,
        "bz": 21.181,
        "feederId": "f-south",
        "xfmrId": "t-f-south-2",
        "houseId": "h142",
        "capW": 2200
      },
      "geometry": {
        "type": "LineString",
        "coordinates": [
          [
            11.53360459,
            4.79060891,
            5.4
          ],
          [
            11.53350504,
            4.79056785,
            5.4
          ]
        ]
      }
    },
    {
      "type": "Feature",
      "id": "seg-165",
      "properties": {
        "id": "seg-165",
        "kind": "secondary",
        "hang": 1.8,
        "ax": -4.262,
        "az": 19.664,
        "bx": -6.168,
        "bz": 20.16,
        "feederId": "f-south",
        "xfmrId": "t-f-south-2",
        "houseId": "h140",
        "capW": 2200
      },
      "geometry": {
        "type": "LineString",
        "coordinates": [
          [
            11.53381263,
            4.79067688,
            5.4
          ],
          [
            11.53367518,
            4.79064121,
            5.4
          ]
        ]
      }
    },
    {
      "type": "Feature",
      "id": "seg-166",
      "properties": {
        "id": "seg-166",
        "kind": "secondary",
        "hang": 1.8,
        "ax": -10.581,
        "az": 19.071,
        "bx": -8.935,
        "bz": 17.95,
        "feederId": "f-south",
        "xfmrId": "t-f-south-2",
        "houseId": "h145",
        "capW": 2200
      },
      "geometry": {
        "type": "LineString",
        "coordinates": [
          [
            11.53335696,
            4.79071946,
            5.4
          ],
          [
            11.53347561,
            4.79080002,
            5.4
          ]
        ]
      }
    },
    {
      "type": "Feature",
      "id": "seg-167",
      "properties": {
        "id": "seg-167",
        "kind": "secondary",
        "hang": 1.8,
        "ax": -2.892,
        "az": 24.653,
        "bx": -3.959,
        "bz": 24.441,
        "feederId": "f-south",
        "xfmrId": "t-f-south-3",
        "houseId": "h152",
        "capW": 2200
      },
      "geometry": {
        "type": "LineString",
        "coordinates": [
          [
            11.53391145,
            4.79031829,
            5.4
          ],
          [
            11.53383448,
            4.79033358,
            5.4
          ]
        ]
      }
    },
    {
      "type": "Feature",
      "id": "seg-168",
      "properties": {
        "id": "seg-168",
        "kind": "secondary",
        "hang": 1.8,
        "ax": -3.959,
        "az": 24.441,
        "bx": -4.957,
        "bz": 23.968,
        "feederId": "f-south",
        "xfmrId": "t-f-south-3",
        "houseId": "h153",
        "capW": 2200
      },
      "geometry": {
        "type": "LineString",
        "coordinates": [
          [
            11.53383448,
            4.79033358,
            5.4
          ],
          [
            11.53376254,
            4.79036757,
            5.4
          ]
        ]
      }
    },
    {
      "type": "Feature",
      "id": "seg-169",
      "properties": {
        "id": "seg-169",
        "kind": "secondary",
        "hang": 1.8,
        "ax": -1.762,
        "az": 24.533,
        "bx": -2.892,
        "bz": 24.653,
        "feederId": "f-south",
        "xfmrId": "t-f-south-3",
        "houseId": "h151",
        "capW": 2200
      },
      "geometry": {
        "type": "LineString",
        "coordinates": [
          [
            11.53399291,
            4.79032691,
            5.4
          ],
          [
            11.53391145,
            4.79031829,
            5.4
          ]
        ]
      }
    },
    {
      "type": "Feature",
      "id": "seg-170",
      "properties": {
        "id": "seg-170",
        "kind": "secondary",
        "hang": 1.8,
        "ax": -4.957,
        "az": 23.968,
        "bx": -4.788,
        "bz": 22.595,
        "feederId": "f-south",
        "xfmrId": "t-f-south-3",
        "houseId": "h154",
        "capW": 2200
      },
      "geometry": {
        "type": "LineString",
        "coordinates": [
          [
            11.53376254,
            4.79036757,
            5.4
          ],
          [
            11.53377467,
            4.79046618,
            5.4
          ]
        ]
      }
    },
    {
      "type": "Feature",
      "id": "seg-171",
      "properties": {
        "id": "seg-171",
        "kind": "secondary",
        "hang": 1.8,
        "ax": -3.348,
        "az": 22.885,
        "bx": -4.788,
        "bz": 22.595,
        "feederId": "f-south",
        "xfmrId": "t-f-south-3",
        "houseId": "h155",
        "capW": 2200
      },
      "geometry": {
        "type": "LineString",
        "coordinates": [
          [
            11.53387856,
            4.79044539,
            5.4
          ],
          [
            11.53377467,
            4.79046618,
            5.4
          ]
        ]
      }
    },
    {
      "type": "Feature",
      "id": "seg-172",
      "properties": {
        "id": "seg-172",
        "kind": "secondary",
        "hang": 1.8,
        "ax": -2.157,
        "az": 20.736,
        "bx": -0.828,
        "bz": 21.552,
        "feederId": "f-south",
        "xfmrId": "t-f-south-3",
        "houseId": "h158",
        "capW": 2200
      },
      "geometry": {
        "type": "LineString",
        "coordinates": [
          [
            11.53396441,
            4.79059982,
            5.4
          ],
          [
            11.53406029,
            4.79054117,
            5.4
          ]
        ]
      }
    },
    {
      "type": "Feature",
      "id": "seg-173",
      "properties": {
        "id": "seg-173",
        "kind": "secondary",
        "hang": 1.8,
        "ax": -1.711,
        "az": 22.955,
        "bx": -1.762,
        "bz": 24.533,
        "feederId": "f-south",
        "xfmrId": "t-f-south-3",
        "houseId": "h150",
        "capW": 2200
      },
      "geometry": {
        "type": "LineString",
        "coordinates": [
          [
            11.5339966,
            4.79044034,
            5.4
          ],
          [
            11.53399291,
            4.79032691,
            5.4
          ]
        ]
      }
    },
    {
      "type": "Feature",
      "id": "seg-174",
      "properties": {
        "id": "seg-174",
        "kind": "secondary",
        "hang": 1.8,
        "ax": -5.401,
        "az": 20.916,
        "bx": -3.795,
        "bz": 21.018,
        "feederId": "f-south",
        "xfmrId": "t-f-south-3",
        "houseId": "h156",
        "capW": 2200
      },
      "geometry": {
        "type": "LineString",
        "coordinates": [
          [
            11.53373052,
            4.79058687,
            5.4
          ],
          [
            11.5338463,
            4.79057956,
            5.4
          ]
        ]
      }
    },
    {
      "type": "Feature",
      "id": "seg-175",
      "properties": {
        "id": "seg-175",
        "kind": "secondary",
        "hang": 1.8,
        "ax": -1.711,
        "az": 22.955,
        "bx": -0.828,
        "bz": 21.552,
        "feederId": "f-south",
        "xfmrId": "t-f-south-3",
        "houseId": "h150",
        "capW": 2200
      },
      "geometry": {
        "type": "LineString",
        "coordinates": [
          [
            11.5339966,
            4.79044034,
            5.4
          ],
          [
            11.53406029,
            4.79054117,
            5.4
          ]
        ]
      }
    },
    {
      "type": "Feature",
      "id": "seg-176",
      "properties": {
        "id": "seg-176",
        "kind": "secondary",
        "hang": 1.8,
        "ax": -3.795,
        "az": 21.018,
        "bx": -2.157,
        "bz": 20.736,
        "feederId": "f-south",
        "xfmrId": "t-f-south-3",
        "houseId": "h157",
        "capW": 2200
      },
      "geometry": {
        "type": "LineString",
        "coordinates": [
          [
            11.5338463,
            4.79057956,
            5.4
          ],
          [
            11.53396441,
            4.79059982,
            5.4
          ]
        ]
      }
    },
    {
      "type": "Feature",
      "id": "seg-177",
      "properties": {
        "id": "seg-177",
        "kind": "primary",
        "hang": 2.8,
        "ax": -12.4,
        "az": 5.6,
        "bx": -10.796,
        "bz": 8.923,
        "feederId": "f-south",
        "xfmrId": null,
        "capW": 7200
      },
      "geometry": {
        "type": "LineString",
        "coordinates": [
          [
            11.53322575,
            4.79168756,
            8.4
          ],
          [
            11.53334142,
            4.79144879,
            8.4
          ]
        ]
      }
    },
    {
      "type": "Feature",
      "id": "seg-178",
      "properties": {
        "id": "seg-178",
        "kind": "primary",
        "hang": 2.8,
        "ax": -10.796,
        "az": 8.923,
        "bx": -10.231,
        "bz": 14.502,
        "feederId": "f-south",
        "xfmrId": null,
        "capW": 7200
      },
      "geometry": {
        "type": "LineString",
        "coordinates": [
          [
            11.53334142,
            4.79144879,
            8.4
          ],
          [
            11.53338218,
            4.7910478,
            8.4
          ]
        ]
      }
    },
    {
      "type": "Feature",
      "id": "seg-179",
      "properties": {
        "id": "seg-179",
        "kind": "primary",
        "hang": 2.8,
        "ax": -10.231,
        "az": 14.502,
        "bx": -7.624,
        "bz": 19.096,
        "feederId": "f-south",
        "xfmrId": null,
        "capW": 7200
      },
      "geometry": {
        "type": "LineString",
        "coordinates": [
          [
            11.53338218,
            4.7910478,
            8.4
          ],
          [
            11.53357022,
            4.79071765,
            8.4
          ]
        ]
      }
    },
    {
      "type": "Feature",
      "id": "seg-180",
      "properties": {
        "id": "seg-180",
        "kind": "primary",
        "hang": 2.8,
        "ax": -7.624,
        "az": 19.096,
        "bx": -3.348,
        "bz": 22.885,
        "feederId": "f-south",
        "xfmrId": null,
        "capW": 7200
      },
      "geometry": {
        "type": "LineString",
        "coordinates": [
          [
            11.53357022,
            4.79071765,
            8.4
          ],
          [
            11.53387856,
            4.79044539,
            8.4
          ]
        ]
      }
    },
    {
      "type": "Feature",
      "id": "seg-181",
      "properties": {
        "id": "seg-181",
        "kind": "trunk",
        "hang": 2.8,
        "ax": -18,
        "az": -6,
        "bx": -6.4,
        "bz": -2.4,
        "feederId": "f-east",
        "xfmrId": null,
        "capW": 8000
      },
      "geometry": {
        "type": "LineString",
        "coordinates": [
          [
            11.53282189,
            4.79252119,
            8.4
          ],
          [
            11.53365845,
            4.79226248,
            8.4
          ]
        ]
      }
    },
    {
      "type": "Feature",
      "id": "seg-182",
      "properties": {
        "id": "seg-182",
        "kind": "secondary",
        "hang": 1.8,
        "ax": -3.414,
        "az": -2.961,
        "bx": -2.317,
        "bz": -3.028,
        "feederId": "f-east",
        "xfmrId": "t-f-east-0",
        "houseId": "h167",
        "capW": 2200
      },
      "geometry": {
        "type": "LineString",
        "coordinates": [
          [
            11.53387379,
            4.79230281,
            5.4
          ],
          [
            11.5339529,
            4.7923076,
            5.4
          ]
        ]
      }
    },
    {
      "type": "Feature",
      "id": "seg-183",
      "properties": {
        "id": "seg-183",
        "kind": "secondary",
        "hang": 1.8,
        "ax": -2.317,
        "az": -3.028,
        "bx": -1.355,
        "bz": -2.411,
        "feederId": "f-east",
        "xfmrId": "t-f-east-0",
        "houseId": "h168",
        "capW": 2200
      },
      "geometry": {
        "type": "LineString",
        "coordinates": [
          [
            11.5339529,
            4.7923076,
            5.4
          ],
          [
            11.53402225,
            4.7922633,
            5.4
          ]
        ]
      }
    },
    {
      "type": "Feature",
      "id": "seg-184",
      "properties": {
        "id": "seg-184",
        "kind": "secondary",
        "hang": 1.8,
        "ax": -0.488,
        "az": -0.889,
        "bx": -0.952,
        "bz": 0.381,
        "feederId": "f-east",
        "xfmrId": "t-f-east-0",
        "houseId": "h160",
        "capW": 2200
      },
      "geometry": {
        "type": "LineString",
        "coordinates": [
          [
            11.53408481,
            4.79215392,
            5.4
          ],
          [
            11.53405138,
            4.79206265,
            5.4
          ]
        ]
      }
    },
    {
      "type": "Feature",
      "id": "seg-185",
      "properties": {
        "id": "seg-185",
        "kind": "secondary",
        "hang": 1.8,
        "ax": -4.19,
        "az": 1.126,
        "bx": -5.433,
        "bz": 0.015,
        "feederId": "f-east",
        "xfmrId": "t-f-east-0",
        "houseId": "h163",
        "capW": 2200
      },
      "geometry": {
        "type": "LineString",
        "coordinates": [
          [
            11.53381787,
            4.79200911,
            5.4
          ],
          [
            11.53372816,
            4.79208894,
            5.4
          ]
        ]
      }
    },
    {
      "type": "Feature",
      "id": "seg-186",
      "properties": {
        "id": "seg-186",
        "kind": "secondary",
        "hang": 1.8,
        "ax": -2.876,
        "az": -1.306,
        "bx": -3.414,
        "bz": -2.961,
        "feederId": "f-east",
        "xfmrId": "t-f-east-0",
        "houseId": "h167",
        "capW": 2200
      },
      "geometry": {
        "type": "LineString",
        "coordinates": [
          [
            11.53391256,
            4.79218389,
            5.4
          ],
          [
            11.53387379,
            4.79230281,
            5.4
          ]
        ]
      }
    },
    {
      "type": "Feature",
      "id": "seg-187",
      "properties": {
        "id": "seg-187",
        "kind": "secondary",
        "hang": 1.8,
        "ax": -0.488,
        "az": -0.889,
        "bx": -1.355,
        "bz": -2.411,
        "feederId": "f-east",
        "xfmrId": "t-f-east-0",
        "houseId": "h160",
        "capW": 2200
      },
      "geometry": {
        "type": "LineString",
        "coordinates": [
          [
            11.53408481,
            4.79215392,
            5.4
          ],
          [
            11.53402225,
            4.7922633,
            5.4
          ]
        ]
      }
    },
    {
      "type": "Feature",
      "id": "seg-188",
      "properties": {
        "id": "seg-188",
        "kind": "secondary",
        "hang": 1.8,
        "ax": -5.19,
        "az": -3.838,
        "bx": -3.414,
        "bz": -2.961,
        "feederId": "f-east",
        "xfmrId": "t-f-east-0",
        "houseId": "h166",
        "capW": 2200
      },
      "geometry": {
        "type": "LineString",
        "coordinates": [
          [
            11.53374568,
            4.79236579,
            5.4
          ],
          [
            11.53387379,
            4.79230281,
            5.4
          ]
        ]
      }
    },
    {
      "type": "Feature",
      "id": "seg-189",
      "properties": {
        "id": "seg-189",
        "kind": "secondary",
        "hang": 1.8,
        "ax": -0.952,
        "az": 0.381,
        "bx": -2.058,
        "bz": 2.097,
        "feederId": "f-east",
        "xfmrId": "t-f-east-0",
        "houseId": "h161",
        "capW": 2200
      },
      "geometry": {
        "type": "LineString",
        "coordinates": [
          [
            11.53405138,
            4.79206265,
            5.4
          ],
          [
            11.53397158,
            4.79193931,
            5.4
          ]
        ]
      }
    },
    {
      "type": "Feature",
      "id": "seg-190",
      "properties": {
        "id": "seg-190",
        "kind": "secondary",
        "hang": 1.8,
        "ax": -5.433,
        "az": 0.015,
        "bx": -6.887,
        "bz": -1.552,
        "feederId": "f-east",
        "xfmrId": "t-f-east-0",
        "houseId": "h164",
        "capW": 2200
      },
      "geometry": {
        "type": "LineString",
        "coordinates": [
          [
            11.53372816,
            4.79208894,
            5.4
          ],
          [
            11.53362332,
            4.7922015,
            5.4
          ]
        ]
      }
    },
    {
      "type": "Feature",
      "id": "seg-191",
      "properties": {
        "id": "seg-191",
        "kind": "secondary",
        "hang": 1.8,
        "ax": -2.058,
        "az": 2.097,
        "bx": -4.19,
        "bz": 1.126,
        "feederId": "f-east",
        "xfmrId": "t-f-east-0",
        "houseId": "h162",
        "capW": 2200
      },
      "geometry": {
        "type": "LineString",
        "coordinates": [
          [
            11.53397158,
            4.79193931,
            5.4
          ],
          [
            11.53381787,
            4.79200911,
            5.4
          ]
        ]
      }
    },
    {
      "type": "Feature",
      "id": "seg-192",
      "properties": {
        "id": "seg-192",
        "kind": "secondary",
        "hang": 1.8,
        "ax": 0.287,
        "az": 0.77,
        "bx": 1.385,
        "bz": 0.576,
        "feederId": "f-east",
        "xfmrId": "t-f-east-1",
        "houseId": "h176",
        "capW": 2200
      },
      "geometry": {
        "type": "LineString",
        "coordinates": [
          [
            11.53414071,
            4.79203464,
            5.4
          ],
          [
            11.53421985,
            4.79204864,
            5.4
          ]
        ]
      }
    },
    {
      "type": "Feature",
      "id": "seg-193",
      "properties": {
        "id": "seg-193",
        "kind": "secondary",
        "hang": 1.8,
        "ax": 2.479,
        "az": -0.008,
        "bx": 3.268,
        "bz": 0.923,
        "feederId": "f-east",
        "xfmrId": "t-f-east-1",
        "houseId": "h178",
        "capW": 2200
      },
      "geometry": {
        "type": "LineString",
        "coordinates": [
          [
            11.53429876,
            4.7920906,
            5.4
          ],
          [
            11.5343557,
            4.79202365,
            5.4
          ]
        ]
      }
    },
    {
      "type": "Feature",
      "id": "seg-194",
      "properties": {
        "id": "seg-194",
        "kind": "secondary",
        "hang": 1.8,
        "ax": 1.385,
        "az": 0.576,
        "bx": 2.479,
        "bz": -0.008,
        "feederId": "f-east",
        "xfmrId": "t-f-east-1",
        "houseId": "h177",
        "capW": 2200
      },
      "geometry": {
        "type": "LineString",
        "coordinates": [
          [
            11.53421985,
            4.79204864,
            5.4
          ],
          [
            11.53429876,
            4.7920906,
            5.4
          ]
        ]
      }
    },
    {
      "type": "Feature",
      "id": "seg-195",
      "properties": {
        "id": "seg-195",
        "kind": "secondary",
        "hang": 1.8,
        "ax": -0.704,
        "az": 1.588,
        "bx": 0.287,
        "bz": 0.77,
        "feederId": "f-east",
        "xfmrId": "t-f-east-1",
        "houseId": "h175",
        "capW": 2200
      },
      "geometry": {
        "type": "LineString",
        "coordinates": [
          [
            11.53406922,
            4.79197589,
            5.4
          ],
          [
            11.53414071,
            4.79203464,
            5.4
          ]
        ]
      }
    },
    {
      "type": "Feature",
      "id": "seg-196",
      "properties": {
        "id": "seg-196",
        "kind": "secondary",
        "hang": 1.8,
        "ax": 3.645,
        "az": 2.298,
        "bx": 3.268,
        "bz": 0.923,
        "feederId": "f-east",
        "xfmrId": "t-f-east-1",
        "houseId": "h170",
        "capW": 2200
      },
      "geometry": {
        "type": "LineString",
        "coordinates": [
          [
            11.53438287,
            4.79192486,
            5.4
          ],
          [
            11.5343557,
            4.79202365,
            5.4
          ]
        ]
      }
    },
    {
      "type": "Feature",
      "id": "seg-197",
      "properties": {
        "id": "seg-197",
        "kind": "secondary",
        "hang": 1.8,
        "ax": 1.589,
        "az": 2.086,
        "bx": 1.385,
        "bz": 0.576,
        "feederId": "f-east",
        "xfmrId": "t-f-east-1",
        "houseId": "h177",
        "capW": 2200
      },
      "geometry": {
        "type": "LineString",
        "coordinates": [
          [
            11.53423461,
            4.79194006,
            5.4
          ],
          [
            11.53421985,
            4.79204864,
            5.4
          ]
        ]
      }
    },
    {
      "type": "Feature",
      "id": "seg-198",
      "properties": {
        "id": "seg-198",
        "kind": "secondary",
        "hang": 1.8,
        "ax": 3.645,
        "az": 2.298,
        "bx": 3.887,
        "bz": 3.828,
        "feederId": "f-east",
        "xfmrId": "t-f-east-1",
        "houseId": "h170",
        "capW": 2200
      },
      "geometry": {
        "type": "LineString",
        "coordinates": [
          [
            11.53438287,
            4.79192486,
            5.4
          ],
          [
            11.53440035,
            4.79181489,
            5.4
          ]
        ]
      }
    },
    {
      "type": "Feature",
      "id": "seg-199",
      "properties": {
        "id": "seg-199",
        "kind": "secondary",
        "hang": 1.8,
        "ax": 1.589,
        "az": 2.086,
        "bx": 0.989,
        "bz": 3.539,
        "feederId": "f-east",
        "xfmrId": "t-f-east-1",
        "houseId": "h173",
        "capW": 2200
      },
      "geometry": {
        "type": "LineString",
        "coordinates": [
          [
            11.53423461,
            4.79194006,
            5.4
          ],
          [
            11.53419133,
            4.79183566,
            5.4
          ]
        ]
      }
    },
    {
      "type": "Feature",
      "id": "seg-200",
      "properties": {
        "id": "seg-200",
        "kind": "secondary",
        "hang": 1.8,
        "ax": 0.989,
        "az": 3.539,
        "bx": -1.005,
        "bz": 3.782,
        "feederId": "f-east",
        "xfmrId": "t-f-east-1",
        "houseId": "h173",
        "capW": 2200
      },
      "geometry": {
        "type": "LineString",
        "coordinates": [
          [
            11.53419133,
            4.79183566,
            5.4
          ],
          [
            11.53404751,
            4.79181821,
            5.4
          ]
        ]
      }
    },
    {
      "type": "Feature",
      "id": "seg-201",
      "properties": {
        "id": "seg-201",
        "kind": "secondary",
        "hang": 1.8,
        "ax": 1.983,
        "az": 6.162,
        "bx": 0.989,
        "bz": 3.539,
        "feederId": "f-east",
        "xfmrId": "t-f-east-1",
        "houseId": "h172",
        "capW": 2200
      },
      "geometry": {
        "type": "LineString",
        "coordinates": [
          [
            11.53426303,
            4.79164715,
            5.4
          ],
          [
            11.53419133,
            4.79183566,
            5.4
          ]
        ]
      }
    },
    {
      "type": "Feature",
      "id": "seg-202",
      "properties": {
        "id": "seg-202",
        "kind": "secondary",
        "hang": 1.8,
        "ax": 7.614,
        "az": 1.651,
        "bx": 8.233,
        "bz": 2.603,
        "feederId": "f-east",
        "xfmrId": "t-f-east-2",
        "houseId": "h188",
        "capW": 2200
      },
      "geometry": {
        "type": "LineString",
        "coordinates": [
          [
            11.5346691,
            4.79197138,
            5.4
          ],
          [
            11.53471377,
            4.79190293,
            5.4
          ]
        ]
      }
    },
    {
      "type": "Feature",
      "id": "seg-203",
      "properties": {
        "id": "seg-203",
        "kind": "secondary",
        "hang": 1.8,
        "ax": 5.065,
        "az": 4.375,
        "bx": 5.344,
        "bz": 3.13,
        "feederId": "f-east",
        "xfmrId": "t-f-east-2",
        "houseId": "h184",
        "capW": 2200
      },
      "geometry": {
        "type": "LineString",
        "coordinates": [
          [
            11.5344853,
            4.79177558,
            5.4
          ],
          [
            11.53450537,
            4.79186508,
            5.4
          ]
        ]
      }
    },
    {
      "type": "Feature",
      "id": "seg-204",
      "properties": {
        "id": "seg-204",
        "kind": "secondary",
        "hang": 1.8,
        "ax": 6.727,
        "az": 3.314,
        "bx": 6.902,
        "bz": 4.689,
        "feederId": "f-east",
        "xfmrId": "t-f-east-2",
        "houseId": "h182",
        "capW": 2200
      },
      "geometry": {
        "type": "LineString",
        "coordinates": [
          [
            11.53460513,
            4.79185187,
            5.4
          ],
          [
            11.53461773,
            4.791753,
            5.4
          ]
        ]
      }
    },
    {
      "type": "Feature",
      "id": "seg-205",
      "properties": {
        "id": "seg-205",
        "kind": "secondary",
        "hang": 1.8,
        "ax": 6.727,
        "az": 3.314,
        "bx": 5.344,
        "bz": 3.13,
        "feederId": "f-east",
        "xfmrId": "t-f-east-2",
        "houseId": "h185",
        "capW": 2200
      },
      "geometry": {
        "type": "LineString",
        "coordinates": [
          [
            11.53460513,
            4.79185187,
            5.4
          ],
          [
            11.53450537,
            4.79186508,
            5.4
          ]
        ]
      }
    },
    {
      "type": "Feature",
      "id": "seg-206",
      "properties": {
        "id": "seg-206",
        "kind": "secondary",
        "hang": 1.8,
        "ax": 6.902,
        "az": 4.689,
        "bx": 5.842,
        "bz": 5.632,
        "feederId": "f-east",
        "xfmrId": "t-f-east-2",
        "houseId": "h182",
        "capW": 2200
      },
      "geometry": {
        "type": "LineString",
        "coordinates": [
          [
            11.53461773,
            4.791753,
            5.4
          ],
          [
            11.5345413,
            4.79168528,
            5.4
          ]
        ]
      }
    },
    {
      "type": "Feature",
      "id": "seg-207",
      "properties": {
        "id": "seg-207",
        "kind": "secondary",
        "hang": 1.8,
        "ax": 6.268,
        "az": 0.905,
        "bx": 7.614,
        "bz": 1.651,
        "feederId": "f-east",
        "xfmrId": "t-f-east-2",
        "houseId": "h187",
        "capW": 2200
      },
      "geometry": {
        "type": "LineString",
        "coordinates": [
          [
            11.53457202,
            4.79202498,
            5.4
          ],
          [
            11.5346691,
            4.79197138,
            5.4
          ]
        ]
      }
    },
    {
      "type": "Feature",
      "id": "seg-208",
      "properties": {
        "id": "seg-208",
        "kind": "secondary",
        "hang": 1.8,
        "ax": 5.344,
        "az": 3.13,
        "bx": 4.8,
        "bz": 1.69,
        "feederId": "f-east",
        "xfmrId": "t-f-east-2",
        "houseId": "h185",
        "capW": 2200
      },
      "geometry": {
        "type": "LineString",
        "coordinates": [
          [
            11.53450537,
            4.79186508,
            5.4
          ],
          [
            11.53446619,
            4.79196857,
            5.4
          ]
        ]
      }
    },
    {
      "type": "Feature",
      "id": "seg-209",
      "properties": {
        "id": "seg-209",
        "kind": "secondary",
        "hang": 1.8,
        "ax": 9.51,
        "az": 3.519,
        "bx": 8.233,
        "bz": 2.603,
        "feederId": "f-east",
        "xfmrId": "t-f-east-2",
        "houseId": "h180",
        "capW": 2200
      },
      "geometry": {
        "type": "LineString",
        "coordinates": [
          [
            11.53480582,
            4.79183713,
            5.4
          ],
          [
            11.53471377,
            4.79190293,
            5.4
          ]
        ]
      }
    },
    {
      "type": "Feature",
      "id": "seg-210",
      "properties": {
        "id": "seg-210",
        "kind": "secondary",
        "hang": 1.8,
        "ax": 4.8,
        "az": 1.69,
        "bx": 6.268,
        "bz": 0.905,
        "feederId": "f-east",
        "xfmrId": "t-f-east-2",
        "houseId": "h186",
        "capW": 2200
      },
      "geometry": {
        "type": "LineString",
        "coordinates": [
          [
            11.53446619,
            4.79196857,
            5.4
          ],
          [
            11.53457202,
            4.79202498,
            5.4
          ]
        ]
      }
    },
    {
      "type": "Feature",
      "id": "seg-211",
      "properties": {
        "id": "seg-211",
        "kind": "secondary",
        "hang": 1.8,
        "ax": 9.51,
        "az": 3.519,
        "bx": 8.735,
        "bz": 5.048,
        "feederId": "f-east",
        "xfmrId": "t-f-east-2",
        "houseId": "h180",
        "capW": 2200
      },
      "geometry": {
        "type": "LineString",
        "coordinates": [
          [
            11.53480582,
            4.79183713,
            5.4
          ],
          [
            11.53474997,
            4.79172722,
            5.4
          ]
        ]
      }
    },
    {
      "type": "Feature",
      "id": "seg-212",
      "properties": {
        "id": "seg-212",
        "kind": "secondary",
        "hang": 1.8,
        "ax": 13.895,
        "az": 2.892,
        "bx": 13.87,
        "bz": 3.95,
        "feederId": "f-east",
        "xfmrId": "t-f-east-3",
        "houseId": "h190",
        "capW": 2200
      },
      "geometry": {
        "type": "LineString",
        "coordinates": [
          [
            11.53512205,
            4.79188216,
            5.4
          ],
          [
            11.53512027,
            4.79180612,
            5.4
          ]
        ]
      }
    },
    {
      "type": "Feature",
      "id": "seg-213",
      "properties": {
        "id": "seg-213",
        "kind": "secondary",
        "hang": 1.8,
        "ax": 11.025,
        "az": 3.52,
        "bx": 10.564,
        "bz": 2.517,
        "feederId": "f-east",
        "xfmrId": "t-f-east-3",
        "houseId": "h194",
        "capW": 2200
      },
      "geometry": {
        "type": "LineString",
        "coordinates": [
          [
            11.53491509,
            4.79183702,
            5.4
          ],
          [
            11.53488186,
            4.79190914,
            5.4
          ]
        ]
      }
    },
    {
      "type": "Feature",
      "id": "seg-214",
      "properties": {
        "id": "seg-214",
        "kind": "secondary",
        "hang": 1.8,
        "ax": 13.87,
        "az": 3.95,
        "bx": 12.86,
        "bz": 4.423,
        "feederId": "f-east",
        "xfmrId": "t-f-east-3",
        "houseId": "h191",
        "capW": 2200
      },
      "geometry": {
        "type": "LineString",
        "coordinates": [
          [
            11.53512027,
            4.79180612,
            5.4
          ],
          [
            11.53504745,
            4.79177211,
            5.4
          ]
        ]
      }
    },
    {
      "type": "Feature",
      "id": "seg-215",
      "properties": {
        "id": "seg-215",
        "kind": "secondary",
        "hang": 1.8,
        "ax": 10.564,
        "az": 2.517,
        "bx": 11.374,
        "bz": 1.65,
        "feederId": "f-east",
        "xfmrId": "t-f-east-3",
        "houseId": "h195",
        "capW": 2200
      },
      "geometry": {
        "type": "LineString",
        "coordinates": [
          [
            11.53488186,
            4.79190914,
            5.4
          ],
          [
            11.53494029,
            4.79197145,
            5.4
          ]
        ]
      }
    },
    {
      "type": "Feature",
      "id": "seg-216",
      "properties": {
        "id": "seg-216",
        "kind": "secondary",
        "hang": 1.8,
        "ax": 13.895,
        "az": 2.892,
        "bx": 14.035,
        "bz": 1.687,
        "feederId": "f-east",
        "xfmrId": "t-f-east-3",
        "houseId": "h190",
        "capW": 2200
      },
      "geometry": {
        "type": "LineString",
        "coordinates": [
          [
            11.53512205,
            4.79188216,
            5.4
          ],
          [
            11.53513219,
            4.79196878,
            5.4
          ]
        ]
      }
    },
    {
      "type": "Feature",
      "id": "seg-217",
      "properties": {
        "id": "seg-217",
        "kind": "secondary",
        "hang": 1.8,
        "ax": 13.204,
        "az": 0.797,
        "bx": 14.035,
        "bz": 1.687,
        "feederId": "f-east",
        "xfmrId": "t-f-east-3",
        "houseId": "h198",
        "capW": 2200
      },
      "geometry": {
        "type": "LineString",
        "coordinates": [
          [
            11.5350722,
            4.79203272,
            5.4
          ],
          [
            11.53513219,
            4.79196878,
            5.4
          ]
        ]
      }
    },
    {
      "type": "Feature",
      "id": "seg-218",
      "properties": {
        "id": "seg-218",
        "kind": "secondary",
        "hang": 1.8,
        "ax": 11.222,
        "az": 4.926,
        "bx": 11.025,
        "bz": 3.52,
        "feederId": "f-east",
        "xfmrId": "t-f-east-3",
        "houseId": "h193",
        "capW": 2200
      },
      "geometry": {
        "type": "LineString",
        "coordinates": [
          [
            11.53492928,
            4.79173599,
            5.4
          ],
          [
            11.53491509,
            4.79183702,
            5.4
          ]
        ]
      }
    },
    {
      "type": "Feature",
      "id": "seg-219",
      "properties": {
        "id": "seg-219",
        "kind": "secondary",
        "hang": 1.8,
        "ax": 12.414,
        "az": 2.771,
        "bx": 13.895,
        "bz": 2.892,
        "feederId": "f-east",
        "xfmrId": "t-f-east-3",
        "houseId": "h190",
        "capW": 2200
      },
      "geometry": {
        "type": "LineString",
        "coordinates": [
          [
            11.53501525,
            4.79189084,
            5.4
          ],
          [
            11.53512205,
            4.79188216,
            5.4
          ]
        ]
      }
    },
    {
      "type": "Feature",
      "id": "seg-220",
      "properties": {
        "id": "seg-220",
        "kind": "secondary",
        "hang": 1.8,
        "ax": 12.414,
        "az": 2.771,
        "bx": 11.374,
        "bz": 1.65,
        "feederId": "f-east",
        "xfmrId": "t-f-east-3",
        "houseId": "h196",
        "capW": 2200
      },
      "geometry": {
        "type": "LineString",
        "coordinates": [
          [
            11.53501525,
            4.79189084,
            5.4
          ],
          [
            11.53494029,
            4.79197145,
            5.4
          ]
        ]
      }
    },
    {
      "type": "Feature",
      "id": "seg-221",
      "properties": {
        "id": "seg-221",
        "kind": "secondary",
        "hang": 1.8,
        "ax": 11.954,
        "az": -0.461,
        "bx": 13.204,
        "bz": 0.797,
        "feederId": "f-east",
        "xfmrId": "t-f-east-3",
        "houseId": "h197",
        "capW": 2200
      },
      "geometry": {
        "type": "LineString",
        "coordinates": [
          [
            11.5349821,
            4.79212313,
            5.4
          ],
          [
            11.5350722,
            4.79203272,
            5.4
          ]
        ]
      }
    },
    {
      "type": "Feature",
      "id": "seg-222",
      "properties": {
        "id": "seg-222",
        "kind": "primary",
        "hang": 2.8,
        "ax": -6.4,
        "az": -2.4,
        "bx": -2.876,
        "bz": -1.306,
        "feederId": "f-east",
        "xfmrId": null,
        "capW": 7200
      },
      "geometry": {
        "type": "LineString",
        "coordinates": [
          [
            11.53365845,
            4.79226248,
            8.4
          ],
          [
            11.53391256,
            4.79218389,
            8.4
          ]
        ]
      }
    },
    {
      "type": "Feature",
      "id": "seg-223",
      "properties": {
        "id": "seg-223",
        "kind": "primary",
        "hang": 2.8,
        "ax": -2.876,
        "az": -1.306,
        "bx": 1.589,
        "bz": 2.086,
        "feederId": "f-east",
        "xfmrId": null,
        "capW": 7200
      },
      "geometry": {
        "type": "LineString",
        "coordinates": [
          [
            11.53391256,
            4.79218389,
            8.4
          ],
          [
            11.53423461,
            4.79194006,
            8.4
          ]
        ]
      }
    },
    {
      "type": "Feature",
      "id": "seg-224",
      "properties": {
        "id": "seg-224",
        "kind": "primary",
        "hang": 2.8,
        "ax": 1.589,
        "az": 2.086,
        "bx": 6.727,
        "bz": 3.314,
        "feederId": "f-east",
        "xfmrId": null,
        "capW": 7200
      },
      "geometry": {
        "type": "LineString",
        "coordinates": [
          [
            11.53423461,
            4.79194006,
            8.4
          ],
          [
            11.53460513,
            4.79185187,
            8.4
          ]
        ]
      }
    },
    {
      "type": "Feature",
      "id": "seg-225",
      "properties": {
        "id": "seg-225",
        "kind": "primary",
        "hang": 2.8,
        "ax": 6.727,
        "az": 3.314,
        "bx": 12.414,
        "bz": 2.771,
        "feederId": "f-east",
        "xfmrId": null,
        "capW": 7200
      },
      "geometry": {
        "type": "LineString",
        "coordinates": [
          [
            11.53460513,
            4.79185187,
            8.4
          ],
          [
            11.53501525,
            4.79189084,
            8.4
          ]
        ]
      }
    }
  ]
}
